round,trial,timestamp,mouse_x,mouse_y,version,id,euk_dist,speed,targetPos
7,1,"['12:38:36.684', '12:38:36.803', '12:38:36.868', '12:38:36.934', '12:38:37.003', '12:38:37.068', '12:38:37.135', '12:38:37.202', '12:38:37.251', '12:38:37.319', '12:38:37.368', '12:38:37.437', '12:38:37.453', '12:38:37.571', '12:38:37.585', '12:38:37.703', '12:38:37.769', '12:38:37.818', '12:38:37.885', '12:38:37.935', '12:38:38.002', '12:38:38.019', '12:38:38.119', '12:38:38.136', '12:38:38.235', '12:38:38.286', '12:38:38.335', '12:38:38.384', '12:38:38.435', '12:38:38.485', '12:38:38.537']","[0.    0.    0.    0.    0.    0.    0.    0.    0.    0.    0.    0.
 0.101 1.256 1.763 2.395 2.622 2.698 2.724 2.744 2.812 2.871 3.051 3.124
 3.148 3.157 3.159 3.16  3.161 3.161 3.161]","[0.    0.    0.    0.    0.    0.    0.    0.    0.    0.    0.    0.
 0.034 0.103 0.128 0.185 0.204 0.211 0.225 0.23  0.267 0.292 0.313 0.321
 0.323 0.324 0.324 0.325 0.325 0.325 0.325]",rld,6348,"[0.00000000e+00 0.00000000e+00 0.00000000e+00 0.00000000e+00
 0.00000000e+00 0.00000000e+00 0.00000000e+00 0.00000000e+00
 0.00000000e+00 0.00000000e+00 0.00000000e+00 0.00000000e+00
 1.06569226e-01 1.15705920e+00 5.07615997e-01 6.34565205e-01
 2.27793766e-01 7.63216876e-02 2.95296461e-02 2.06155281e-02
 7.74144689e-02 6.40780774e-02 1.81220860e-01 7.34370479e-02
 2.40831892e-02 9.05538514e-03 2.00000000e-03 1.41421356e-03
 1.00000000e-03 0.00000000e+00 0.00000000e+00]","[np.float64(0.0), 0, np.float64(0.0), np.float64(0.0), 0, np.float64(0.0), np.float64(0.0), np.float64(0.0), 0, np.float64(0.0), np.float64(0.0), np.float64(0.0), np.float64(0.0), np.float64(0.0), 0, np.float64(0.10656922632730334), 0, np.float64(1.157059203325396), np.float64(0.5076159965958519), 0, np.float64(0.6345652054753713), np.float64(0.2277937663765186), np.float64(0.07632168761236881), 0, np.float64(0.029529646120466997), np.float64(0.020615528128088322), np.float64(0.14149254630625063), 0, np.float64(0.18122085972646762), np.float64(0.07343704787094858), 0, np.float64(0.02408318915758461), np.float64(0.009055385138137315), np.float64(0.0019999999999997797), np.float64(0.0014142135623733318), np.float64(0.0009999999999998899), np.float64(0.0), np.float64(0.0)]",r
7,2,"['12:38:41.469', '12:38:41.553', '12:38:41.572', '12:38:41.619', '12:38:41.708', '12:38:41.755', '12:38:41.805', '12:38:41.831', '12:38:41.869', '12:38:41.919', '12:38:41.968', '12:38:42.018', '12:38:42.069', '12:38:42.170', '12:38:42.219', '12:38:42.235', '12:38:42.337', '12:38:42.385', '12:38:42.418', '12:38:42.468', '12:38:42.518', '12:38:42.534', '12:38:42.587', '12:38:42.669', '12:38:42.686', '12:38:42.737', '12:38:42.820']","[ 0.     0.     0.     0.    -0.507 -1.027 -1.374 -1.536 -1.647 -1.696
 -1.724 -1.78  -1.915 -2.124 -2.242 -2.281 -2.329 -2.346 -2.351 -2.353
 -2.354 -2.354 -2.354 -2.354 -2.354 -2.354 -2.354]","[ 0.     0.     0.     0.    -0.09  -0.131 -0.179 -0.195 -0.201 -0.203
 -0.203 -0.215 -0.231 -0.248 -0.242 -0.241 -0.205 -0.194 -0.19  -0.188
 -0.188 -0.188 -0.188 -0.188 -0.188 -0.188 -0.188]",rld,6348,"[0.         0.         0.         0.         0.51492621 0.52161384
 0.35030415 0.16278821 0.11116204 0.0490408  0.028      0.05727128
 0.13594484 0.20969025 0.11815244 0.03901282 0.06       0.02024846
 0.00640312 0.00282843 0.001      0.         0.         0.
 0.         0.         0.        ]","[np.float64(0.0), np.float64(0.0), np.float64(0.0), np.float64(0.0), np.float64(0.5149262083056173), np.float64(0.5216138418408774), np.float64(0.35030415355801897), np.float64(0.162788205960997), np.float64(0.11116204388189341), np.float64(0.07704079934095687), np.float64(0.05727128425310546), 0, np.float64(0.13594484175576504), 0, np.float64(0.20969024774652736), np.float64(0.15716526230819777), 0, np.float64(0.06000000000000003), np.float64(0.026651580968749262), np.float64(0.0028284271247463496), np.float64(0.0009999999999998899), np.float64(0.0), np.float64(0.0), 0, np.float64(0.0), np.float64(0.0), 0, np.float64(0.0)]",l
7,3,"['12:38:44.653', '12:38:44.670', '12:38:44.770', '12:38:44.819', '12:38:44.834', '12:38:44.886', '12:38:44.970', '12:38:44.989', '12:38:45.035', '12:38:45.119', '12:38:45.136', '12:38:45.202', '12:38:45.218', '12:38:45.304', '12:38:45.322', '12:38:45.406', '12:38:45.459', '12:38:45.502', '12:38:45.551', '12:38:45.601', '12:38:45.651', '12:38:45.667', '12:38:45.769', '12:38:45.785', '12:38:45.885', '12:38:45.951', '12:38:46.001', '12:38:46.069', '12:38:46.118', '12:38:46.186', '12:38:46.201', '12:38:46.302', '12:38:46.369', '12:38:46.418', '12:38:46.485', '12:38:46.536', '12:38:46.585', '12:38:46.601', '12:38:46.701', '12:38:46.718', '12:38:46.801', '12:38:46.851', '12:38:46.902']","[ 0.     0.     0.     0.     0.     0.     0.     0.     0.     0.
  0.     0.    -0.011 -0.466 -0.721 -1.081 -1.305 -1.427 -1.514 -1.578
 -1.635 -1.653 -1.695 -1.709 -1.713 -1.727 -1.731 -1.744 -1.76  -1.86
 -1.905 -2.098 -2.223 -2.301 -2.363 -2.384 -2.391 -2.394 -2.394 -2.395
 -2.395 -2.395 -2.395]","[ 0.     0.     0.     0.     0.     0.     0.     0.     0.     0.
  0.     0.     0.    -0.101 -0.146 -0.161 -0.166 -0.168 -0.169 -0.157
 -0.154 -0.152 -0.152 -0.152 -0.14  -0.136 -0.124 -0.119 -0.106 -0.09
 -0.085 -0.048 -0.036 -0.031 -0.03  -0.029 -0.029 -0.029 -0.029 -0.029
 -0.029 -0.029 -0.029]",rld,6348,"[0.         0.         0.         0.         0.         0.
 0.         0.         0.         0.         0.         0.
 0.011      0.4660751  0.25894015 0.36031236 0.2240558  0.12201639
 0.08700575 0.06511528 0.05707889 0.01811077 0.042      0.014
 0.01264911 0.01456022 0.01264911 0.01392839 0.02061553 0.10127191
 0.04527693 0.19651463 0.12557468 0.07816009 0.06200806 0.0210238
 0.007      0.003      0.         0.001      0.         0.
 0.        ]","[np.float64(0.0), 0, np.float64(0.0), np.float64(0.0), np.float64(0.0), 0, np.float64(0.0), np.float64(0.0), 0, np.float64(0.0), np.float64(0.0), np.float64(0.01100000000000001), 0, np.float64(0.725015248768905), 0, np.float64(0.3603123644839295), np.float64(0.3460721889635377), np.float64(0.08700574693662479), np.float64(0.06511528238439888), np.float64(0.057078892771321284), np.float64(0.01811077027627485), 0, np.float64(0.05600000000000005), 0, np.float64(0.012649110640673528), np.float64(0.014560219778560837), np.float64(0.012649110640673528), 0, np.float64(0.013928388277184437), np.float64(0.020615528128088312), np.float64(0.1465488369000644), 0, np.float64(0.19651463049859635), 0, np.float64(0.12557467897629682), np.float64(0.0781600921186768), np.float64(0.062008063991709814), np.float64(0.02102379604162855), np.float64(0.010000000000000231), 0, np.float64(0.0), np.float64(0.0009999999999998899), np.float64(0.0), np.float64(0.0), np.float64(0.0)]",l
7,4,"['12:38:49.252', '12:38:49.337', '12:38:49.385', '12:38:49.418', '12:38:49.468', '12:38:49.520', '12:38:49.535', '12:38:49.621', '12:38:49.640', '12:38:49.724', '12:38:49.744', '12:38:49.822', '12:38:49.841', '12:38:49.908', '12:38:49.927', '12:38:49.988', '12:38:50.019', '12:38:50.085', '12:38:50.103', '12:38:50.168', '12:38:50.219', '12:38:50.319', '12:38:50.335', '12:38:50.436', '12:38:50.485', '12:38:50.535', '12:38:50.585', '12:38:50.636', '12:38:50.651', '12:38:50.736', '12:38:50.751', '12:38:50.836']","[ 0.     0.     0.     0.     0.     0.     0.     0.     0.045  0.229
  0.335  0.382  0.307 -0.348 -0.793 -1.41  -1.838 -2.206 -2.378 -2.627
 -2.784 -2.898 -2.936 -3.01  -3.035 -3.093 -3.124 -3.135 -3.139 -3.14
 -3.14  -3.14 ]","[ 0.     0.     0.     0.     0.     0.     0.     0.     0.     0.
  0.     0.    -0.034 -0.248 -0.354 -0.424 -0.449 -0.424 -0.416 -0.414
 -0.414 -0.403 -0.399 -0.363 -0.339 -0.296 -0.246 -0.229 -0.224 -0.222
 -0.221 -0.221]",rld,6348,"[0.         0.         0.         0.         0.         0.
 0.         0.         0.045      0.184      0.106      0.047
 0.08234683 0.68907257 0.45745054 0.62095813 0.42872952 0.36884821
 0.17218595 0.24900803 0.157      0.11452947 0.03820995 0.08229216
 0.03465545 0.07220111 0.05883026 0.02024846 0.00640312 0.00223607
 0.001      0.        ]","[np.float64(0.0), np.float64(0.0), np.float64(0.0), np.float64(0.0), np.float64(0.0), np.float64(0.0), 0, np.float64(0.045), 0, np.float64(0.29), 0, np.float64(0.12934682750416077), 0, np.float64(1.146523108894186), np.float64(0.6209581306336199), np.float64(0.4287295184612321), np.float64(0.3688482072614696), np.float64(0.17218594600024723), np.float64(0.24900803199896954), np.float64(0.15700000000000003), 0, np.float64(0.15273941853856193), 0, np.float64(0.08229216244576379), np.float64(0.034655446902326865), np.float64(0.072201108024739), np.float64(0.05883026432033097), np.float64(0.026651580968749276), 0, np.float64(0.0032360679774999417), 0, np.float64(0.0)]",l
7,5,"['12:38:52.785', '12:38:52.801', '12:38:52.886', '12:38:52.902', '12:38:52.951', '12:38:52.985', '12:38:53.089', '12:38:53.107', '12:38:53.121', '12:38:53.187', '12:38:53.273', '12:38:53.293', '12:38:53.323', '12:38:53.421', '12:38:53.469', '12:38:53.520', '12:38:53.534', '12:38:53.620', '12:38:53.635', '12:38:53.719', '12:38:53.770', '12:38:53.819', '12:38:53.868', '12:38:53.918', '12:38:53.968', '12:38:53.985', '12:38:54.068', '12:38:54.086', '12:38:54.169']","[ 0.     0.     0.     0.     0.     0.     0.068  0.147  0.207  0.26
  0.098 -0.113 -0.522 -1.261 -1.777 -2.128 -2.282 -2.513 -2.627 -2.774
 -2.873 -2.943 -2.966 -2.974 -2.977 -2.977 -2.978 -2.978 -2.978]","[ 0.     0.     0.     0.     0.     0.     0.034  0.057  0.064  0.078
  0.015 -0.051 -0.163 -0.292 -0.326 -0.326 -0.327 -0.281 -0.266 -0.262
 -0.26  -0.248 -0.244 -0.243 -0.243 -0.242 -0.242 -0.242 -0.242]",rld,6348,"[0.         0.         0.         0.         0.         0.
 0.07602631 0.08228001 0.06040695 0.05481788 0.17381887 0.22108143
 0.42405778 0.75017465 0.51711894 0.351      0.15400325 0.23553556
 0.11498261 0.14705441 0.0990202  0.07102112 0.02334524 0.00806226
 0.003      0.001      0.001      0.         0.        ]","[np.float64(0.0), 0, np.float64(0.0), np.float64(0.0), np.float64(0.0), 0, np.float64(0.2187132742000455), 0, np.float64(0.054817880294663), np.float64(0.17381887124245168), np.float64(0.6451392120428476), 0, np.float64(0.7501746463324389), np.float64(0.5171189418306005), np.float64(0.5050032467190222), 0, np.float64(0.2355355599479623), np.float64(0.11498260738042068), np.float64(0.14705441169852723), np.float64(0.09902019995940242), np.float64(0.07102112361825866), np.float64(0.023345235059857635), np.float64(0.008062257748298557), np.float64(0.0030000000000001137), np.float64(0.0010000000000000009), np.float64(0.0009999999999998899), np.float64(0.0), np.float64(0.0)]",l
7,6,"['12:38:56.101', '12:38:56.119', '12:38:56.186', '12:38:56.201', '12:38:56.286', '12:38:56.302', '12:38:56.386', '12:38:56.434', '12:38:56.488', '12:38:56.504', '12:38:56.571', '12:38:56.588', '12:38:56.671', '12:38:56.695', '12:38:56.770', '12:38:56.818', '12:38:56.869', '12:38:56.918', '12:38:56.968', '12:38:56.985', '12:38:57.069', '12:38:57.085', '12:38:57.186', '12:38:57.234', '12:38:57.267', '12:38:57.318', '12:38:57.368', '12:38:57.384', '12:38:57.436']","[ 0.     0.     0.     0.     0.     0.     0.     0.    -0.056 -0.109
 -0.34  -0.643 -1.485 -1.922 -2.424 -2.715 -2.886 -3.005 -3.106 -3.14
 -3.214 -3.238 -3.297 -3.329 -3.339 -3.343 -3.344 -3.345 -3.345]","[ 0.     0.     0.     0.     0.     0.     0.     0.     0.     0.
 -0.112 -0.274 -0.546 -0.64  -0.526 -0.418 -0.371 -0.343 -0.335 -0.332
 -0.331 -0.331 -0.331 -0.343 -0.347 -0.348 -0.349 -0.349 -0.349]",rld,6348,"[0.         0.         0.         0.         0.         0.
 0.         0.         0.056      0.053      0.25671969 0.34358842
 0.88484349 0.44699553 0.51478151 0.31039491 0.17734148 0.12224974
 0.10131634 0.0341321  0.07400676 0.024      0.059      0.03417601
 0.01077033 0.00412311 0.00141421 0.001      0.        ]","[np.float64(0.0), np.float64(0.0), np.float64(0.0), np.float64(0.0), np.float64(0.0), np.float64(0.0), np.float64(0.0), np.float64(0.056), np.float64(0.053), np.float64(0.60030810806092), 0, np.float64(1.331839014690158), 0, np.float64(0.51478150704935), np.float64(0.31039490975207684), np.float64(0.17734147850968182), np.float64(0.12224974437601109), np.float64(0.13544843262555983), 0, np.float64(0.09800675644831386), 0, np.float64(0.05899999999999972), np.float64(0.03417601498127015), np.float64(0.010770329614269223), np.float64(0.004123105625617665), np.float64(0.002414213562372908), np.float64(0.0)]",l
7,7,"['12:39:03.902', '12:39:03.918', '12:39:04.002', '12:39:04.018', '12:39:04.101', '12:39:04.151', '12:39:04.201', '12:39:04.251', '12:39:04.269', '12:39:04.335', '12:39:04.384', '12:39:04.435', '12:39:04.451', '12:39:04.536', '12:39:04.552', '12:39:04.637', '12:39:04.685', '12:39:04.736', '12:39:04.786', '12:39:04.834', '12:39:04.852', '12:39:04.951', '12:39:04.968', '12:39:05.086', '12:39:05.101', '12:39:05.218', '12:39:05.284', '12:39:05.351', '12:39:05.417', '12:39:05.484', '12:39:05.568']","[0.    0.    0.    0.    0.    0.    0.    0.    0.    0.    0.    0.
 0.    0.    0.    0.158 0.729 1.377 1.885 2.151 2.24  2.33  2.371 2.517
 2.566 2.618 2.636 2.641 2.643 2.644 2.644]","[0.    0.    0.    0.    0.    0.    0.    0.    0.    0.    0.    0.
 0.    0.    0.    0.056 0.256 0.45  0.518 0.542 0.551 0.589 0.602 0.667
 0.688 0.696 0.699 0.7   0.7   0.7   0.7  ]",rld,6348,"[0.         0.         0.         0.         0.         0.
 0.         0.         0.         0.         0.         0.
 0.         0.         0.         0.16763055 0.60501322 0.67641703
 0.51253097 0.26708051 0.0894539  0.0976934  0.04301163 0.15981552
 0.05331041 0.05261179 0.01824829 0.00509902 0.002      0.001
 0.        ]","[np.float64(0.0), 0, np.float64(0.0), np.float64(0.0), np.float64(0.0), np.float64(0.0), np.float64(0.0), np.float64(0.0), np.float64(0.0), np.float64(0.0), np.float64(0.0), 0, np.float64(0.0), np.float64(0.0), np.float64(0.16763054614240208), np.float64(0.6050132229959937), np.float64(0.6764170311279869), np.float64(0.5125309746737264), np.float64(0.2670805122055892), np.float64(0.08945389874119514), np.float64(0.09769339793455875), np.float64(0.04301162633521307), 0, np.float64(0.2131259303867657), 0, 0, np.float64(0.05261178575186367), np.float64(0.018248287590894894), np.float64(0.00509901951359268), 0, np.float64(0.0019999999999997797), np.float64(0.0009999999999998899), 0, np.float64(0.0)]",r
7,8,"['12:39:08.450', '12:39:08.518', '12:39:08.567', '12:39:08.618', '12:39:08.633', '12:39:08.735', '12:39:08.786', '12:39:08.801', '12:39:08.851', '12:39:08.952', '12:39:09.020', '12:39:09.068', '12:39:09.119', '12:39:09.185', '12:39:09.237', '12:39:09.252', '12:39:09.352', '12:39:09.401', '12:39:09.451', '12:39:09.468', '12:39:09.534', '12:39:09.551', '12:39:09.636', '12:39:09.652', '12:39:09.736']","[0.    0.    0.    0.    0.    0.    0.    0.    0.    0.    0.405 1.718
 2.905 3.819 4.339 4.586 4.781 4.847 4.869 4.877 4.879 4.88  4.88  4.88
 4.88 ]","[0.    0.    0.    0.    0.    0.    0.    0.    0.    0.    0.125 0.506
 0.763 0.875 0.888 0.896 0.84  0.821 0.815 0.813 0.812 0.812 0.812 0.812
 0.812]",rld,6348,"[0.00000000e+00 0.00000000e+00 0.00000000e+00 0.00000000e+00
 0.00000000e+00 0.00000000e+00 0.00000000e+00 0.00000000e+00
 0.00000000e+00 0.00000000e+00 4.23851389e-01 1.36716129e+00
 1.21450319e+00 9.20836576e-01 5.20162475e-01 2.47129521e-01
 2.02881739e-01 6.86804193e-02 2.28035085e-02 8.24621125e-03
 2.23606798e-03 1.00000000e-03 0.00000000e+00 0.00000000e+00
 0.00000000e+00]","[np.float64(0.0), np.float64(0.0), np.float64(0.0), np.float64(0.0), 0, np.float64(0.0), np.float64(0.0), np.float64(0.0), np.float64(0.0), 0, np.float64(0.0), np.float64(0.4238513890504548), np.float64(1.3671612926059602), np.float64(1.21450319060923), np.float64(0.9208365761632192), np.float64(0.5201624746173069), np.float64(0.24712952069714364), 0, np.float64(0.20288173895153824), np.float64(0.06868041933477095), np.float64(0.031049719753218324), np.float64(0.002236067977499593), np.float64(0.001000000000000334), np.float64(0.0), np.float64(0.0), np.float64(0.0)]",r
7,9,"['12:39:14.887', '12:39:14.903', '12:39:14.970', '12:39:14.989', '12:39:15.069', '12:39:15.085', '12:39:15.171', '12:39:15.201', '12:39:15.251', '12:39:15.300', '12:39:15.351', '12:39:15.369', '12:39:15.436', '12:39:15.452', '12:39:15.538', '12:39:15.554', '12:39:15.638', '12:39:15.685', '12:39:15.720', '12:39:15.768', '12:39:15.821', '12:39:15.835', '12:39:15.919', '12:39:15.934', '12:39:16.019', '12:39:16.036', '12:39:16.103', '12:39:16.152', '12:39:16.185', '12:39:16.235', '12:39:16.288']","[ 0.     0.     0.     0.     0.     0.     0.     0.     0.     0.
  0.     0.    -0.09  -0.233 -0.788 -1.042 -1.425 -1.843 -2.148 -2.405
 -2.6   -2.701 -2.832 -2.876 -2.891 -2.896 -2.947 -2.976 -2.986 -2.989
 -2.99 ]","[0.    0.    0.    0.    0.    0.    0.    0.    0.    0.    0.    0.
 0.012 0.049 0.152 0.187 0.189 0.122 0.1   0.082 0.076 0.086 0.102 0.107
 0.144 0.156 0.149 0.135 0.13  0.129 0.128]",rld,6348,"[0.         0.         0.         0.         0.         0.
 0.         0.         0.         0.         0.         0.
 0.09079648 0.14770917 0.56447675 0.25640008 0.38300522 0.42333556
 0.30579241 0.25762958 0.19509229 0.10149384 0.13197348 0.04428318
 0.03992493 0.013      0.05147815 0.03220248 0.01118034 0.00316228
 0.00141421]","[np.float64(0.0), np.float64(0.0), np.float64(0.0), np.float64(0.0), 0, np.float64(0.0), np.float64(0.0), np.float64(0.0), np.float64(0.0), np.float64(0.0), np.float64(0.09079647570252933), np.float64(0.1477091737164622), 0, np.float64(0.8208768268599589), 0, np.float64(0.8063407861951), np.float64(0.3057924132479415), np.float64(0.2576295790471274), np.float64(0.29658612803240914), 0, np.float64(0.17625666183583855), 0, np.float64(0.05292492955535429), 0, np.float64(0.051478150704934715), np.float64(0.043382824263708326), np.float64(0.003162277660168488), 0, np.float64(0.0014142135623730178)]",l
7,10,"['12:39:18.085', '12:39:18.134', '12:39:18.186', '12:39:18.201', '12:39:18.288', '12:39:18.302', '12:39:18.389', '12:39:18.437', '12:39:18.471', '12:39:18.520', '12:39:18.573', '12:39:18.588', '12:39:18.669', '12:39:18.685', '12:39:18.751', '12:39:18.819', '12:39:18.868', '12:39:18.921', '12:39:18.968', '12:39:19.019', '12:39:19.034', '12:39:19.118', '12:39:19.134', '12:39:19.218', '12:39:19.236', '12:39:19.302']","[0.    0.    0.    0.    0.045 0.06  0.211 0.442 0.676 0.936 1.239 1.444
 1.917 2.171 2.542 2.836 3.009 3.203 3.306 3.34  3.351 3.355 3.357 3.357
 3.357 3.357]","[0.    0.    0.    0.    0.    0.    0.    0.034 0.057 0.065 0.069 0.071
 0.085 0.091 0.095 0.063 0.053 0.051 0.051 0.051 0.051 0.051 0.051 0.051
 0.051 0.051]",rld,6348,"[0.         0.         0.         0.         0.045      0.015
 0.151      0.23348876 0.23512762 0.26012305 0.3030264  0.20500976
 0.47320714 0.25407086 0.37102156 0.29573637 0.17328878 0.19401031
 0.103      0.034      0.011      0.004      0.002      0.
 0.         0.        ]","[np.float64(0.0), 0, np.float64(0.0), 0, np.float64(0.060000000000000005), 0, np.float64(0.15100000000000002), np.float64(0.46861638267823424), np.float64(0.26012304780622575), np.float64(0.30302640149003535), np.float64(0.20500975586542222), np.float64(0.47320714280323356), np.float64(0.2540708562586432), np.float64(0.3710215627156998), np.float64(0.29573636908571077), np.float64(0.17328877632437714), np.float64(0.1940103090044448), np.float64(0.10299999999999976), np.float64(0.04499999999999993), 0, np.float64(0.006000000000000227), 0, np.float64(0.0), np.float64(0.0), np.float64(0.0)]",r
7,11,"['12:39:21.768', '12:39:21.818', '12:39:21.868', '12:39:21.884', '12:39:21.968', '12:39:22.018', '12:39:22.034', '12:39:22.085', '12:39:22.169', '12:39:22.202', '12:39:22.252', '12:39:22.267', '12:39:22.353', '12:39:22.402', '12:39:22.419', '12:39:22.471', '12:39:22.520', '12:39:22.606', '12:39:22.620', '12:39:22.693', '12:39:22.706', '12:39:22.785', '12:39:22.801', '12:39:22.868', '12:39:22.886', '12:39:22.970', '12:39:23.018', '12:39:23.067', '12:39:23.118', '12:39:23.167', '12:39:23.184', '12:39:23.284', '12:39:23.301', '12:39:23.402']","[ 0.     0.     0.     0.     0.     0.     0.     0.     0.    -0.091
 -0.742 -1.398 -2.706 -3.341 -3.571 -3.688 -3.793 -3.908 -3.986 -4.08
 -4.152 -4.217 -4.238 -4.246 -4.248 -3.57  -3.161 -2.865 -2.511 -2.226
 -2.132 -2.1   -2.09  -2.086]","[ 0.     0.     0.     0.     0.     0.     0.     0.     0.    -0.056
 -0.345 -0.59  -0.975 -1.127 -1.18  -1.2   -1.22  -1.242 -1.25  -1.255
 -1.258 -1.261 -1.262 -1.225 -1.162 -0.095  0.378  0.577  0.8    0.928
  0.971  0.985  0.99   0.991]",rld,6348,"[0.         0.         0.         0.         0.         0.
 0.         0.         0.         0.10685036 0.7122654  0.70025781
 1.36348414 0.65293874 0.23602754 0.11869709 0.10688779 0.11708544
 0.07840918 0.09413288 0.07206247 0.06506919 0.0210238  0.03785499
 0.06303174 1.26418867 0.62530792 0.35667492 0.4183838  0.31242439
 0.10336827 0.0349285  0.01118034 0.00412311]","[np.float64(0.0), np.float64(0.0), np.float64(0.0), 0, np.float64(0.0), np.float64(0.0), np.float64(0.0), 0, np.float64(0.10685036265731623), np.float64(1.4125232096411824), 0, np.float64(1.3634841399884343), np.float64(0.6529387413839067), np.float64(0.23602754076590296), np.float64(0.11869709347747315), np.float64(0.1068877916321593), np.float64(0.11708543888972722), np.float64(0.07840918313565093), np.float64(0.16619535769269547), 0, np.float64(0.08609298998161782), 0, np.float64(0.10088672449877317), 0, np.float64(1.264188672627626), np.float64(0.9819828461690177), 0, np.float64(0.730808185950488), np.float64(0.10336827366266677), 0, np.float64(0.04610883828064471), 0, np.float64(0.0041231056256176915)]",l
7,12,"['12:39:27.018', '12:39:27.069', '12:39:27.084', '12:39:27.169', '12:39:27.219', '12:39:27.236', '12:39:27.304', '12:39:27.352', '12:39:27.407', '12:39:27.429', '12:39:27.504', '12:39:27.530', '12:39:27.587', '12:39:27.638', '12:39:27.707', '12:39:27.721', '12:39:27.785', '12:39:27.801', '12:39:27.885', '12:39:27.901', '12:39:27.985', '12:39:28.034']","[0.    0.    0.    0.    0.    0.    0.    0.    0.034 0.169 0.61  1.044
 1.595 2.258 2.978 3.417 4.154 4.409 4.495 4.524 4.534 4.537]","[0.    0.    0.    0.    0.    0.    0.    0.    0.    0.035 0.138 0.209
 0.284 0.307 0.338 0.367 0.282 0.254 0.244 0.241 0.24  0.24 ]",rld,6348,"[0.         0.         0.         0.         0.         0.
 0.         0.         0.034      0.13946326 0.45286863 0.43976926
 0.55608093 0.66339882 0.72066705 0.43995682 0.74188544 0.25653265
 0.08657944 0.02915476 0.01004988 0.003     ]","[np.float64(0.0), np.float64(0.0), 0, np.float64(0.0), np.float64(0.0), np.float64(0.0), np.float64(0.0), np.float64(0.03400000000000003), np.float64(0.13946325680981347), np.float64(0.4528686343742522), np.float64(0.4397692576795244), np.float64(0.556080929361905), np.float64(0.6633988242377281), np.float64(0.7206670521121389), np.float64(0.43995681606266773), np.float64(0.9984180848938765), 0, np.float64(0.11573420276188015), 0, np.float64(0.010049875621120667), np.float64(0.0030000000000001137)]",r
7,13,"['12:39:32.985', '12:39:33.069', '12:39:33.085', '12:39:33.169', '12:39:33.220']",[ 0.     0.     0.    -0.146 -0.341],[0.    0.    0.    0.045 0.105],rld,6348,[0.         0.         0.         0.15277762 0.20402206],"[np.float64(0.0), np.float64(0.0), np.float64(0.0), np.float64(0.15277761616153068), np.float64(0.20402205763103168)]",l
7,14,"['12:39:38.768', '12:39:38.820', '12:39:38.869', '12:39:38.919', '12:39:38.934', '12:39:39.021', '12:39:39.070', '12:39:39.085', '12:39:39.136', '12:39:39.151', '12:39:39.252', '12:39:39.269', '12:39:39.351', '12:39:39.368', '12:39:39.452', '12:39:39.468', '12:39:39.552', '12:39:39.603']",[0. 0. 0. 0. 0. 0. 0. 0. 0. 0. 0. 0. 0. 0. 0. 0. 0. 0.],[0. 0. 0. 0. 0. 0. 0. 0. 0. 0. 0. 0. 0. 0. 0. 0. 0. 0.],rld,6348,[0. 0. 0. 0. 0. 0. 0. 0. 0. 0. 0. 0. 0. 0. 0. 0. 0. 0.],"[np.float64(0.0), np.float64(0.0), np.float64(0.0), np.float64(0.0), 0, np.float64(0.0), np.float64(0.0), np.float64(0.0), 0, np.float64(0.0), np.float64(0.0), np.float64(0.0), np.float64(0.0), np.float64(0.0), np.float64(0.0), np.float64(0.0), np.float64(0.0)]",l
7,15,"['12:39:41.386', '12:39:41.401', '12:39:41.485', '12:39:41.537', '12:39:41.552', '12:39:41.619', '12:39:41.667', '12:39:41.719', '12:39:41.734', '12:39:41.819', '12:39:41.834', '12:39:41.925', '12:39:41.972', '12:39:42.020', '12:39:42.070', '12:39:42.102', '12:39:42.152', '12:39:42.201', '12:39:42.219', '12:39:42.268', '12:39:42.351', '12:39:42.367', '12:39:42.417', '12:39:42.502']","[ 0.    -0.011 -0.015 -0.016 -0.016 -0.017 -0.017 -0.017 -0.017 -0.017
 -0.017 -0.005 -0.058 -0.571 -1.577 -2.214 -2.659 -2.994 -3.169 -3.279
 -3.328 -3.344 -3.35  -3.351]","[ 0.     0.004  0.016  0.02   0.033  0.037  0.039  0.039  0.039  0.039
  0.039  0.039 -0.006 -0.302 -0.746 -1.007 -1.173 -1.354 -1.466 -1.554
 -1.584 -1.594 -1.598 -1.599]",rld,6348,"[0.         0.0117047  0.01264911 0.00412311 0.013      0.00412311
 0.002      0.         0.         0.         0.         0.012
 0.06952697 0.59227105 1.09962357 0.68839669 0.47495368 0.38077027
 0.20777151 0.14086873 0.05745433 0.01886796 0.0072111  0.00141421]","[np.float64(0.011704699910719618), np.float64(0.012649110640673528), 0, np.float64(0.017123105625617648), np.float64(0.004123105625617663), np.float64(0.0020000000000000018), np.float64(0.0), 0, np.float64(0.0), 0, np.float64(0.011999999999999997), np.float64(0.06952697318307478), np.float64(0.5922710528128147), np.float64(1.0996235719554215), np.float64(0.6883966879641422), np.float64(0.47495368195225085), np.float64(0.58854178106403), np.float64(0.14086873322352284), 0, np.float64(0.07632229195300608), np.float64(0.0072111025509278), 0, np.float64(0.0014142135623730963)]",l
7,16,"['12:39:46.218', '12:39:46.235', '12:39:46.303', '12:39:46.350', '12:39:46.401', '12:39:46.417', '12:39:46.501', '12:39:46.517', '12:39:46.602', '12:39:46.650', '12:39:46.702', '12:39:46.751', '12:39:46.803', '12:39:46.822', '12:39:46.904', '12:39:46.918', '12:39:47.003', '12:39:47.051', '12:39:47.100', '12:39:47.150', '12:39:47.200', '12:39:47.251', '12:39:47.268', '12:39:47.352']","[0.    0.    0.    0.    0.    0.    0.    0.    0.    0.    0.237 1.107
 2.321 2.873 3.858 4.268 4.408 4.455 4.47  4.476 4.477 4.478 4.478 4.478]","[0.    0.    0.    0.    0.    0.    0.    0.    0.    0.    0.102 0.362
 0.573 0.65  0.681 0.657 0.65  0.647 0.646 0.646 0.646 0.646 0.646 0.646]",rld,6348,"[0.00000000e+00 0.00000000e+00 0.00000000e+00 0.00000000e+00
 0.00000000e+00 0.00000000e+00 0.00000000e+00 0.00000000e+00
 0.00000000e+00 0.00000000e+00 2.58017441e-01 9.08019824e-01
 1.23220006e+00 5.57344597e-01 9.85487697e-01 4.10701838e-01
 1.40174891e-01 4.70956474e-02 1.50332964e-02 6.00000000e-03
 1.00000000e-03 1.00000000e-03 0.00000000e+00 0.00000000e+00]","[np.float64(0.0), np.float64(0.0), np.float64(0.0), np.float64(0.0), 0, np.float64(0.0), 0, np.float64(0.0), np.float64(0.0), np.float64(0.25801744127093423), np.float64(0.9080198235721508), np.float64(1.2322000649245237), np.float64(0.5573445971748539), np.float64(0.9854876965239088), np.float64(0.4107018383206968), np.float64(0.14017489076150608), np.float64(0.04709564735726618), np.float64(0.015033296378372588), np.float64(0.006000000000000227), np.float64(0.001000000000000334), np.float64(0.0009999999999994458), np.float64(0.0), np.float64(0.0)]",r
7,17,"['12:39:51.720', '12:39:51.769', '12:39:51.822', '12:39:51.839', '12:39:51.911', '12:39:51.929', '12:39:52.010', '12:39:52.040', '12:39:52.085', '12:39:52.102', '12:39:52.202', '12:39:52.251', '12:39:52.301', '12:39:52.318', '12:39:52.418', '12:39:52.435', '12:39:52.535', '12:39:52.584', '12:39:52.635', '12:39:52.701', '12:39:52.751', '12:39:52.767', '12:39:52.853', '12:39:52.901']","[ 0.     0.     0.     0.    -0.012 -0.06  -0.246 -0.308 -0.362 -0.38
 -0.206  0.393  1.305  1.739  2.661  3.05   3.405  3.524  3.564  3.578
  3.582  3.584  3.584  3.584]","[0.    0.    0.    0.    0.    0.    0.    0.    0.    0.    0.045 0.184
 0.333 0.385 0.338 0.335 0.348 0.353 0.354 0.354 0.355 0.355 0.355 0.355]",rld,6348,"[0.         0.         0.         0.         0.012      0.048
 0.186      0.062      0.054      0.018      0.17972479 0.61491625
 0.92409145 0.43710411 0.92319716 0.38901157 0.35523795 0.119105
 0.0400125  0.014      0.00412311 0.002      0.         0.        ]","[np.float64(0.0), 0, np.float64(0.0), np.float64(0.01200000000000001), np.float64(0.04799999999999999), np.float64(0.186), np.float64(0.062000000000000055), np.float64(0.07199999999999995), 0, np.float64(0.1797247896090019), np.float64(0.6149162544607192), np.float64(1.3611955522838566), 0, np.float64(0.9231971620406983), np.float64(0.38901156795139163), 0, np.float64(0.35523794842330725), np.float64(0.11910499569707371), np.float64(0.04001249804748515), np.float64(0.014000000000000234), np.float64(0.006123105625617013), 0, np.float64(0.0), np.float64(0.0)]",r
7,18,"['12:39:57.250', '12:39:57.301', '12:39:57.318', '12:39:57.385', '12:39:57.401', '12:39:57.484', '12:39:57.501', '12:39:57.585', '12:39:57.634', '12:39:57.685', '12:39:57.734', '12:39:57.784', '12:39:57.835', '12:39:57.885', '12:39:57.935', '12:39:57.951', '12:39:58.038', '12:39:58.058', '12:39:58.138', '12:39:58.185', '12:39:58.234', '12:39:58.287', '12:39:58.334', '12:39:58.385', '12:39:58.401', '12:39:58.470', '12:39:58.502', '12:39:58.552', '12:39:58.570', '12:39:58.669']","[ 0.     0.     0.     0.     0.     0.     0.     0.     0.     0.
  0.     0.    -0.034 -0.484 -1.066 -1.364 -1.706 -1.891 -2.082 -2.217
 -2.262 -2.278 -2.283 -2.284 -2.285 -2.285 -2.285 -2.285 -2.285 -2.285]","[ 0.     0.     0.     0.     0.     0.     0.     0.     0.     0.
  0.     0.     0.    -0.112 -0.161 -0.178 -0.195 -0.201 -0.192 -0.155
 -0.142 -0.138 -0.136 -0.136 -0.136 -0.136 -0.136 -0.136 -0.136 -0.136]",rld,6348,"[0.         0.         0.         0.         0.         0.
 0.         0.         0.         0.         0.         0.
 0.034      0.46372837 0.58405907 0.29848451 0.34242225 0.18509727
 0.19121192 0.13997857 0.04684015 0.01649242 0.00538516 0.001
 0.001      0.         0.         0.         0.         0.        ]","[np.float64(0.0), np.float64(0.0), np.float64(0.0), np.float64(0.0), np.float64(0.0), np.float64(0.0), np.float64(0.0), np.float64(0.0), np.float64(0.0), np.float64(0.0), np.float64(0.0), np.float64(0.034), np.float64(0.46372836876775186), np.float64(0.584059072354843), np.float64(0.29848450546050126), np.float64(0.34242225394971054), np.float64(0.1850972717248961), np.float64(0.19121192431435843), np.float64(0.13997856978837891), np.float64(0.04684015371452141), np.float64(0.01649242250247065), np.float64(0.005385164807134406), np.float64(0.0009999999999998899), np.float64(0.0009999999999998899), np.float64(0.0), np.float64(0.0), np.float64(0.0), 0, np.float64(0.0)]",l
7,19,"['12:40:01.101', '12:40:01.151', '12:40:01.202', '12:40:01.252', '12:40:01.270', '12:40:01.351', '12:40:01.403', '12:40:01.421', '12:40:01.468', '12:40:01.523', '12:40:01.586', '12:40:01.652', '12:40:01.669', '12:40:01.756', '12:40:01.805', '12:40:01.853', '12:40:01.902', '12:40:01.952', '12:40:01.968', '12:40:02.068', '12:40:02.084', '12:40:02.184', '12:40:02.233', '12:40:02.284', '12:40:02.334', '12:40:02.384', '12:40:02.400', '12:40:02.501', '12:40:02.552']","[ 0.     0.     0.     0.     0.     0.     0.     0.     0.     0.
  0.     0.     0.    -0.439 -1.252 -1.997 -2.531 -2.868 -3.017 -3.165
 -3.214 -3.231 -3.236 -3.238 -3.239 -3.239 -3.239 -3.239 -3.239]","[ 0.     0.     0.     0.     0.     0.     0.     0.     0.     0.
  0.     0.     0.    -0.112 -0.195 -0.121 -0.038  0.037  0.074  0.087
  0.091  0.093  0.093  0.093  0.093  0.093  0.093  0.093  0.093]",rld,6348,"[0.         0.         0.         0.         0.         0.
 0.         0.         0.         0.         0.         0.
 0.         0.45306181 0.81722579 0.74866615 0.54041188 0.34524484
 0.15352524 0.14856985 0.04916299 0.01711724 0.005      0.002
 0.001      0.         0.         0.         0.        ]","[np.float64(0.0), np.float64(0.0), np.float64(0.0), np.float64(0.0), 0, np.float64(0.0), np.float64(0.0), np.float64(0.0), np.float64(0.0), np.float64(0.0), 0, np.float64(0.0), 0, np.float64(0.4530618059382186), np.float64(0.8172257949918125), np.float64(0.7486661472245157), np.float64(0.5404118799582407), np.float64(0.4987700828808005), 0, np.float64(0.19773284310582845), 0, np.float64(0.017117242768623593), np.float64(0.0050000000000003375), np.float64(0.0019999999999997797), np.float64(0.0009999999999998899), np.float64(0.0), 0, 0, np.float64(0.0), np.float64(0.0)]",l
7,20,"['12:40:06.735', '12:40:06.786', '12:40:06.834', '12:40:06.851', '12:40:06.936', '12:40:06.951', '12:40:07.021', '12:40:07.038', '12:40:07.137', '12:40:07.153', '12:40:07.239', '12:40:07.254', '12:40:07.337', '12:40:07.359', '12:40:07.440', '12:40:07.469', '12:40:07.540', '12:40:07.552', '12:40:07.621', '12:40:07.634', '12:40:07.754', '12:40:07.767', '12:40:07.851', '12:40:07.868', '12:40:07.917', '12:40:08.001', '12:40:08.051', '12:40:08.072', '12:40:08.086', '12:40:08.187', '12:40:08.234', '12:40:08.250', '12:40:08.303', '12:40:08.369']","[0.    0.    0.    0.    0.    0.    0.    0.    0.    0.    0.    0.
 0.326 0.638 1.764 2.363 2.785 2.94  3.042 3.076 3.087 3.091 3.092 3.092
 3.093 3.093 3.093 3.093 3.093 3.093 3.093 3.093 3.093 3.093]","[0.    0.    0.    0.    0.    0.    0.    0.    0.    0.    0.    0.
 0.057 0.109 0.3   0.367 0.403 0.416 0.421 0.422 0.423 0.423 0.423 0.423
 0.423 0.423 0.423 0.423 0.423 0.423 0.423 0.423 0.423 0.423]",rld,6348,"[0.00000000e+00 0.00000000e+00 0.00000000e+00 0.00000000e+00
 0.00000000e+00 0.00000000e+00 0.00000000e+00 0.00000000e+00
 0.00000000e+00 0.00000000e+00 0.00000000e+00 0.00000000e+00
 3.30945615e-01 3.16303652e-01 1.14208450e+00 6.02735431e-01
 4.23532761e-01 1.55544206e-01 1.02122475e-01 3.40147027e-02
 1.10453610e-02 4.00000000e-03 1.00000000e-03 0.00000000e+00
 1.00000000e-03 0.00000000e+00 0.00000000e+00 0.00000000e+00
 0.00000000e+00 0.00000000e+00 0.00000000e+00 0.00000000e+00
 0.00000000e+00 0.00000000e+00]","[np.float64(0.0), np.float64(0.0), np.float64(0.0), 0, np.float64(0.0), np.float64(0.0), np.float64(0.0), 0, np.float64(0.0), 0, np.float64(0.0), 0, np.float64(0.6472492664429657), 0, np.float64(1.7448199289298345), 0, np.float64(0.5790769673598241), np.float64(0.13613717819238313), 0, 0, np.float64(0.015045361017186943), 0, np.float64(0.001000000000000334), np.float64(0.0009999999999998899), 0, np.float64(0.0), np.float64(0.0), np.float64(0.0), 0, np.float64(0.0), np.float64(0.0), np.float64(0.0), np.float64(0.0)]",r
7,21,"['12:40:11.336', '12:40:11.386', '12:40:11.403', '12:40:11.486', '12:40:11.537', '12:40:11.587', '12:40:11.638', '12:40:11.685', '12:40:11.737', '12:40:11.753', '12:40:11.836', '12:40:11.851', '12:40:11.951', '12:40:12.002', '12:40:12.068', '12:40:12.117', '12:40:12.184', '12:40:12.234', '12:40:12.284', '12:40:12.302', '12:40:12.401', '12:40:12.418', '12:40:12.519', '12:40:12.568', '12:40:12.618', '12:40:12.667', '12:40:12.718', '12:40:12.733', '12:40:12.818', '12:40:12.867', '12:40:12.918', '12:40:12.967', '12:40:13.018', '12:40:13.033', '12:40:13.118', '12:40:13.169']","[ 0.     0.     0.     0.    -0.169 -0.406 -0.698 -0.864 -0.987 -1.073
 -1.204 -1.259 -1.768 -2.032 -2.179 -2.239 -2.271 -2.294 -2.348 -2.378
 -2.447 -2.481 -2.611 -2.667 -2.697 -2.707 -2.711 -2.712 -2.712 -2.712
 -2.712 -2.712 -2.712 -2.712 -2.712 -2.712]","[ 0.     0.     0.     0.    -0.09  -0.12  -0.13  -0.134 -0.101 -0.09
 -0.075 -0.07  -0.113 -0.139 -0.159 -0.165 -0.167 -0.157 -0.142 -0.125
 -0.108 -0.102 -0.1   -0.088 -0.072 -0.067 -0.065 -0.064 -0.064 -0.064
 -0.064 -0.064 -0.064 -0.064 -0.064 -0.064]",rld,6348,"[0.         0.         0.         0.         0.19147062 0.23889119
 0.29217118 0.16604819 0.12734991 0.08670063 0.13185598 0.05522681
 0.51081308 0.26527721 0.14835431 0.06029925 0.03206244 0.02507987
 0.05604463 0.03448188 0.07106335 0.03452535 0.13001538 0.05727128
 0.034      0.01118034 0.00447214 0.00141421 0.         0.
 0.         0.         0.         0.         0.         0.        ]","[np.float64(0.0), np.float64(0.0), 0, np.float64(0.0), np.float64(0.19147062437878035), np.float64(0.23889118861942144), np.float64(0.45821936847696043), 0, np.float64(0.21405054602982154), 0, np.float64(0.18708278712694948), 0, np.float64(0.5108130773580489), np.float64(0.2652772134956186), np.float64(0.14835430563350724), np.float64(0.06029925372672495), np.float64(0.03206243908376283), np.float64(0.025079872407969016), np.float64(0.05604462507680805), np.float64(0.034481879299133544), 0, np.float64(0.10558870502102338), 0, np.float64(0.13001538370515994), np.float64(0.05727128425310546), np.float64(0.03400000000000022), np.float64(0.011180339887498754), np.float64(0.005886349517372916), 0, np.float64(0.0), np.float64(0.0), np.float64(0.0), np.float64(0.0), np.float64(0.0), 0, np.float64(0.0), np.float64(0.0)]",l
7,22,"['12:40:15.103', '12:40:15.151', '12:40:15.203', '12:40:15.251', '12:40:15.302', '12:40:15.318', '12:40:15.403', '12:40:15.419', '12:40:15.487', '12:40:15.504', '12:40:15.605', '12:40:15.621', '12:40:15.725', '12:40:15.753', '12:40:15.819', '12:40:15.836', '12:40:15.901', '12:40:15.986', '12:40:16.035', '12:40:16.085', '12:40:16.133', '12:40:16.185', '12:40:16.201', '12:40:16.302', '12:40:16.317', '12:40:16.420', '12:40:16.467', '12:40:16.516', '12:40:16.568', '12:40:16.618']","[ 0.     0.     0.     0.     0.     0.     0.     0.     0.     0.
  0.     0.    -1.473 -2.342 -2.881 -3.077 -3.318 -3.525 -3.724 -3.868
 -3.969 -4.055 -4.098 -4.125 -4.134 -4.137 -4.138 -4.138 -4.139 -4.139]","[ 0.     0.     0.     0.     0.     0.     0.     0.     0.     0.
  0.     0.    -0.574 -0.839 -0.921 -0.949 -0.948 -0.914 -0.867 -0.84
 -0.831 -0.792 -0.779 -0.763 -0.757 -0.756 -0.755 -0.755 -0.755 -0.755]",rld,6348,"[0.00000000e+00 0.00000000e+00 0.00000000e+00 0.00000000e+00
 0.00000000e+00 0.00000000e+00 0.00000000e+00 0.00000000e+00
 0.00000000e+00 0.00000000e+00 0.00000000e+00 0.00000000e+00
 1.58088741e+00 9.08507567e-01 5.45201798e-01 1.97989899e-01
 2.41002075e-01 2.09773688e-01 2.04474937e-01 1.46509385e-01
 1.01400197e-01 9.44298682e-02 4.49221549e-02 3.13847097e-02
 1.08166538e-02 3.16227766e-03 1.41421356e-03 0.00000000e+00
 1.00000000e-03 0.00000000e+00]","[np.float64(0.0), 0, np.float64(0.0), np.float64(0.0), np.float64(0.0), 0, np.float64(0.0), np.float64(0.0), np.float64(0.0), 0, np.float64(0.0), 0, np.float64(1.5808874090206426), np.float64(0.9085075673873053), np.float64(0.7431916962347731), np.float64(0.24100207467986626), 0, np.float64(0.20977368757782783), np.float64(0.2044749373395183), np.float64(0.14650938536489747), np.float64(0.10140019723846695), np.float64(0.1393520230466466), 0, np.float64(0.03138470965295056), np.float64(0.010816653826391515), 0, np.float64(0.003162277660168488), np.float64(0.0014142135623733318), np.float64(0.0), np.float64(0.001000000000000334), np.float64(0.0)]",l
7,23,"['12:40:18.468', '12:40:18.518', '12:40:18.567', '12:40:18.619', '12:40:18.668', '12:40:18.718', '12:40:18.733', '12:40:18.819', '12:40:18.869', '12:40:18.884', '12:40:18.919', '12:40:19.022', '12:40:19.041', '12:40:19.092', '12:40:19.139', '12:40:19.196', '12:40:19.236', '12:40:19.285', '12:40:19.352', '12:40:19.401', '12:40:19.452', '12:40:19.518', '12:40:19.601', '12:40:19.617', '12:40:19.720', '12:40:19.767', '12:40:19.817', '12:40:19.867', '12:40:19.917']","[ 0.     0.     0.     0.     0.     0.     0.     0.     0.     0.
  0.     0.     0.    -0.157 -0.932 -1.604 -2.099 -2.636 -3.062 -3.33
 -3.585 -3.671 -3.7   -3.709 -3.713 -3.714 -3.714 -3.714 -3.714]","[ 0.     0.     0.     0.     0.     0.     0.     0.     0.     0.
  0.     0.     0.     0.     0.     0.013  0.019 -0.035 -0.112 -0.149
 -0.15  -0.15  -0.15  -0.15  -0.15  -0.15  -0.15  -0.15  -0.15 ]",rld,6348,"[0.         0.         0.         0.         0.         0.
 0.         0.         0.         0.         0.         0.
 0.         0.157      0.775      0.67212573 0.49503636 0.53970825
 0.43290299 0.27054205 0.25500196 0.086      0.029      0.009
 0.004      0.001      0.         0.         0.        ]","[np.float64(0.0), np.float64(0.0), 0, np.float64(0.0), np.float64(0.0), np.float64(0.0), 0, np.float64(0.0), np.float64(0.0), np.float64(0.0), 0, np.float64(0.0), np.float64(0.157), np.float64(0.7749999999999999), np.float64(0.6721257322852624), np.float64(0.4950363623007911), np.float64(0.5397082545227555), np.float64(0.4329029914426558), np.float64(0.2705420484878462), np.float64(0.2550019607767751), 0, np.float64(0.08599999999999985), np.float64(0.038000000000000256), 0, 0, np.float64(0.004999999999999893), np.float64(0.0), np.float64(0.0), np.float64(0.0)]",l
7,24,"['12:40:22.068', '12:40:22.120', '12:40:22.135', '12:40:22.224', '12:40:22.240', '12:40:22.302', '12:40:22.320', '12:40:22.421', '12:40:22.468', '12:40:22.520', '12:40:22.535', '12:40:22.620', '12:40:22.635', '12:40:22.739', '12:40:22.761', '12:40:22.837', '12:40:22.859', '12:40:22.921', '12:40:22.936', '12:40:23.022', '12:40:23.034', '12:40:23.137', '12:40:23.151', '12:40:23.217', '12:40:23.251', '12:40:23.318', '12:40:23.368', '12:40:23.434', '12:40:23.483', '12:40:23.534', '12:40:23.585', '12:40:23.635', '12:40:23.650', '12:40:23.735', '12:40:23.785', '12:40:23.800', '12:40:23.837', '12:40:23.920', '12:40:23.935', '12:40:24.001', '12:40:24.050', '12:40:24.109', '12:40:24.124', '12:40:24.235', '12:40:24.252', '12:40:24.337']","[ 0.     0.     0.     0.     0.     0.     0.     0.     0.     0.
  0.     0.     0.     0.    -0.54  -2.079 -2.799 -3.537 -3.791 -3.877
 -3.905 -3.915 -3.918 -3.919 -3.919 -3.919 -3.919 -3.919 -3.919 -3.919
 -3.919 -3.919 -3.919 -3.919 -3.919 -3.919 -3.919 -3.565 -3.448 -3.409
 -3.396 -3.392 -3.391 -3.39  -3.39  -3.39 ]","[ 0.     0.     0.     0.     0.     0.     0.     0.     0.     0.
  0.     0.     0.     0.    -0.045 -0.055  0.014  0.223  0.295  0.32
  0.328  0.33   0.331  0.332  0.332  0.332  0.332  0.332  0.332  0.332
  0.332  0.332  0.332  0.332  0.332  0.332  0.332  0.288  0.274  0.269
  0.267  0.267  0.267  0.267  0.267  0.267]",rld,6348,"[0.00000000e+00 0.00000000e+00 0.00000000e+00 0.00000000e+00
 0.00000000e+00 0.00000000e+00 0.00000000e+00 0.00000000e+00
 0.00000000e+00 0.00000000e+00 0.00000000e+00 0.00000000e+00
 0.00000000e+00 0.00000000e+00 5.41871756e-01 1.53903249e+00
 7.23298693e-01 7.67023468e-01 2.64007576e-01 8.95600357e-02
 2.91204396e-02 1.01980390e-02 3.16227766e-03 1.41421356e-03
 0.00000000e+00 0.00000000e+00 0.00000000e+00 0.00000000e+00
 0.00000000e+00 0.00000000e+00 0.00000000e+00 0.00000000e+00
 0.00000000e+00 0.00000000e+00 0.00000000e+00 0.00000000e+00
 0.00000000e+00 3.56723983e-01 1.17834630e-01 3.93192065e-02
 1.31529464e-02 4.00000000e-03 1.00000000e-03 1.00000000e-03
 0.00000000e+00 0.00000000e+00]","[np.float64(0.0), np.float64(0.0), 0, np.float64(0.0), np.float64(0.0), np.float64(0.0), 0, np.float64(0.0), np.float64(0.0), np.float64(0.0), 0, np.float64(0.0), 0, np.float64(0.5418717560456533), 0, np.float64(2.262331181773065), 0, np.float64(1.0310310433472305), 0, np.float64(0.11868047528735155), 0, np.float64(0.013360316687353862), np.float64(0.0014142135623733318), np.float64(0.0), 0, np.float64(0.0), np.float64(0.0), np.float64(0.0), np.float64(0.0), np.float64(0.0), np.float64(0.0), np.float64(0.0), 0, np.float64(0.0), np.float64(0.0), np.float64(0.0), 0, np.float64(0.47455861281801165), np.float64(0.03931920650267515), np.float64(0.013152946437965808), np.float64(0.0040000000000000036), np.float64(0.0009999999999998899), 0, np.float64(0.001000000000000334), 0, np.float64(0.0)]",l
7,25,"['12:40:27.233', '12:40:27.319', '12:40:27.369', '12:40:27.418', '12:40:27.469', '12:40:27.518', '12:40:27.570', '12:40:27.584', '12:40:27.674', '12:40:27.689', '12:40:27.769', '12:40:27.787', '12:40:27.870', '12:40:27.920', '12:40:27.986', '12:40:28.038', '12:40:28.089', '12:40:28.134', '12:40:28.185', '12:40:28.201', '12:40:28.269', '12:40:28.286', '12:40:28.350', '12:40:28.420', '12:40:28.484', '12:40:28.500', '12:40:28.584', '12:40:28.634']","[0.    0.    0.    0.    0.    0.    0.    0.    0.    0.    0.    0.
 0.    0.    0.    1.417 2.858 3.364 3.536 3.593 3.613 3.619 3.621 3.622
 3.622 3.622 3.622 3.622]","[0.    0.    0.    0.    0.    0.    0.    0.    0.    0.    0.    0.
 0.    0.    0.    0.456 0.781 0.899 0.939 0.953 0.957 0.959 0.959 0.96
 0.96  0.96  0.96  0.96 ]",rld,6348,"[0.00000000e+00 0.00000000e+00 0.00000000e+00 0.00000000e+00
 0.00000000e+00 0.00000000e+00 0.00000000e+00 0.00000000e+00
 0.00000000e+00 0.00000000e+00 0.00000000e+00 0.00000000e+00
 0.00000000e+00 0.00000000e+00 0.00000000e+00 1.48856474e+00
 1.47719532e+00 5.19576751e-01 1.76589920e-01 5.86941224e-02
 2.03960781e-02 6.32455532e-03 2.00000000e-03 1.41421356e-03
 0.00000000e+00 0.00000000e+00 0.00000000e+00 0.00000000e+00]","[np.float64(0.0), np.float64(0.0), np.float64(0.0), np.float64(0.0), np.float64(0.0), np.float64(0.0), np.float64(0.0), np.float64(0.0), np.float64(0.0), np.float64(0.0), np.float64(0.0), np.float64(0.0), np.float64(0.0), np.float64(0.0), 0, np.float64(0.0), np.float64(1.4885647449808825), np.float64(1.4771953154542559), np.float64(0.5195767508270556), np.float64(0.23528404280046974), np.float64(0.02039607805437116), np.float64(0.006324555320336554), np.float64(0.002000000000000224), np.float64(0.0014142135623730178), 0, np.float64(0.0), 0, np.float64(0.0), np.float64(0.0)]",r
7,26,"['12:40:34.819', '12:40:34.870', '12:40:34.918', '12:40:34.970', '12:40:34.990', '12:40:35.070', '12:40:35.084', '12:40:35.170', '12:40:35.234', '12:40:35.283', '12:40:35.334', '12:40:35.383', '12:40:35.453', '12:40:35.468', '12:40:35.568', '12:40:35.584', '12:40:35.667', '12:40:35.733', '12:40:35.783', '12:40:35.834']","[ 0.     0.     0.     0.     0.     0.     0.     0.     0.     0.
  0.     0.    -2.068 -3.106 -3.467 -3.59  -3.631 -3.644 -3.649 -3.651]","[ 0.     0.     0.     0.     0.     0.     0.     0.     0.     0.
  0.     0.    -0.104 -0.107 -0.108 -0.109 -0.109 -0.109 -0.109 -0.109]",rld,6348,"[0.00000000e+00 0.00000000e+00 0.00000000e+00 0.00000000e+00
 0.00000000e+00 0.00000000e+00 0.00000000e+00 0.00000000e+00
 0.00000000e+00 0.00000000e+00 0.00000000e+00 0.00000000e+00
 2.07061344e+00 1.03800434e+00 3.61001385e-01 1.23004065e-01
 4.10000000e-02 1.30000000e-02 5.00000000e-03 2.00000000e-03]","[np.float64(0.0), np.float64(0.0), 0, np.float64(0.0), 0, np.float64(0.0), 0, np.float64(0.0), np.float64(0.0), np.float64(0.0), np.float64(0.0), np.float64(0.0), np.float64(3.108617770926587), 0, np.float64(0.36100138503889406), np.float64(0.12300406497347985), np.float64(0.04100000000000037), 0, np.float64(0.0129999999999999), np.float64(0.004999999999999893), np.float64(0.0019999999999997797)]",l
7,27,"['12:40:39.053', '12:40:39.101', '12:40:39.186', '12:40:39.234', '12:40:39.306', '12:40:39.321', '12:40:39.405', '12:40:39.422', '12:40:39.503', '12:40:39.551', '12:40:39.619', '12:40:39.668', '12:40:39.721', '12:40:39.740', '12:40:39.784']",[0. 0. 0. 0. 0. 0. 0. 0. 0. 0. 0. 0. 0. 0. 0.],[0. 0. 0. 0. 0. 0. 0. 0. 0. 0. 0. 0. 0. 0. 0.],rld,6348,[0. 0. 0. 0. 0. 0. 0. 0. 0. 0. 0. 0. 0. 0. 0.],"[np.float64(0.0), 0, np.float64(0.0), np.float64(0.0), 0, np.float64(0.0), 0, np.float64(0.0), 0, np.float64(0.0), 0, np.float64(0.0), np.float64(0.0), np.float64(0.0), np.float64(0.0)]",l
7,28,"['12:40:42.184', '12:40:42.235', '12:40:42.284', '12:40:42.352', '12:40:42.368', '12:40:42.453', '12:40:42.468', '12:40:42.571', '12:40:42.592', '12:40:42.671', '12:40:42.691', '12:40:42.775', '12:40:42.799', '12:40:42.872', '12:40:42.919', '12:40:42.989', '12:40:43.000', '12:40:43.104', '12:40:43.121', '12:40:43.200', '12:40:43.267', '12:40:43.317', '12:40:43.367', '12:40:43.434', '12:40:43.484', '12:40:43.534', '12:40:43.550', '12:40:43.651', '12:40:43.700', '12:40:43.717', '12:40:43.768', '12:40:43.851', '12:40:43.867', '12:40:43.917', '12:40:44.019']","[0.    0.    0.    0.    0.    0.    0.    0.    0.    0.    0.    0.113
 0.421 1.395 2.201 2.709 2.882 2.94  2.959 2.966 2.968 2.969 2.969 2.969
 2.969 2.969 2.969 2.969 2.969 2.969 2.969 2.969 2.969 2.969 2.969]","[ 0.     0.     0.     0.     0.     0.     0.     0.     0.     0.
  0.    -0.012 -0.048  0.     0.022  0.092  0.116  0.124  0.127  0.128
  0.128  0.128  0.128  0.128  0.128  0.128  0.128  0.128  0.128  0.128
  0.128  0.128  0.128  0.128  0.128]",rld,6348,"[0.         0.         0.         0.         0.         0.
 0.         0.         0.         0.         0.         0.11363538
 0.31009676 0.97518203 0.80630019 0.51280016 0.17465681 0.05854912
 0.01923538 0.00707107 0.002      0.001      0.         0.
 0.         0.         0.         0.         0.         0.
 0.         0.         0.         0.         0.        ]","[np.float64(0.0), np.float64(0.0), np.float64(0.0), np.float64(0.0), 0, np.float64(0.0), 0, np.float64(0.0), np.float64(0.0), np.float64(0.0), np.float64(0.0), np.float64(0.11363538181394031), np.float64(0.3100967590930289), np.float64(0.9751820342889834), np.float64(0.8063001922361176), 0, np.float64(0.6874569623436737), 0, np.float64(0.0777845087348891), 0, np.float64(0.007071067811865592), np.float64(0.0019999999999997797), np.float64(0.001000000000000334), np.float64(0.0), 0, np.float64(0.0), np.float64(0.0), np.float64(0.0), 0, np.float64(0.0), np.float64(0.0), np.float64(0.0), 0, np.float64(0.0), np.float64(0.0), 0, np.float64(0.0)]",r
7,29,"['12:40:50.068', '12:40:50.119', '12:40:50.169', '12:40:50.236', '12:40:50.251', '12:40:50.352', '12:40:50.401', '12:40:50.452', '12:40:50.502', '12:40:50.551', '12:40:50.604', '12:40:50.673', '12:40:50.720', '12:40:50.733', '12:40:50.787', '12:40:50.884', '12:40:50.901', '12:40:50.951', '12:40:51.019', '12:40:51.134', '12:40:51.184', '12:40:51.200', '12:40:51.300', '12:40:51.350', '12:40:51.366', '12:40:51.417', '12:40:51.518']","[ 0.     0.     0.     0.     0.     0.     0.     0.     0.    -0.011
 -0.071 -0.102 -0.045  0.03   0.631  2.727  3.645  4.112  4.395  4.547
  4.598  4.615  4.621  4.622  4.623  4.623  4.623]","[0.    0.    0.    0.    0.    0.    0.    0.    0.    0.    0.    0.
 0.    0.011 0.13  0.375 0.476 0.482 0.326 0.287 0.275 0.27  0.269 0.268
 0.268 0.268 0.268]",rld,6348,"[0.00000000e+00 0.00000000e+00 0.00000000e+00 0.00000000e+00
 0.00000000e+00 0.00000000e+00 0.00000000e+00 0.00000000e+00
 0.00000000e+00 1.10000000e-02 6.00000000e-02 3.10000000e-02
 5.70000000e-02 7.58023746e-02 6.12667936e-01 2.11027036e+00
 9.23539387e-01 4.67038542e-01 3.23148573e-01 1.56923548e-01
 5.23927476e-02 1.77200451e-02 6.08276253e-03 1.41421356e-03
 1.00000000e-03 0.00000000e+00 0.00000000e+00]","[np.float64(0.0), np.float64(0.0), np.float64(0.0), np.float64(0.0), 0, np.float64(0.0), np.float64(0.0), np.float64(0.0), np.float64(0.0), np.float64(0.01100000000000001), np.float64(0.06), 0, np.float64(0.030999999999999986), np.float64(0.13280237463298888), np.float64(0.6126679361611802), 0, np.float64(3.033809749182846), np.float64(0.4670385423067352), 0, np.float64(0.32314857264113006), 0, np.float64(0.1569235482647523), np.float64(0.0701127927363879), 0, np.float64(0.006082762530298444), np.float64(0.002414213562372778), np.float64(0.0), 0, 0, np.float64(0.0)]",r
7,30,"['12:40:55.003', '12:40:55.085', '12:40:55.133', '12:40:55.184', '12:40:55.250', '12:40:55.301', '12:40:55.317', '12:40:55.418', '12:40:55.469', '12:40:55.484', '12:40:55.533', '12:40:55.634', '12:40:55.701', '12:40:55.751', '12:40:55.767', '12:40:55.870', '12:40:55.919', '12:40:55.939', '12:40:55.986', '12:40:56.084', '12:40:56.151', '12:40:56.168', '12:40:56.253', '12:40:56.300', '12:40:56.369', '12:40:56.419', '12:40:56.468', '12:40:56.484', '12:40:56.586', '12:40:56.634', '12:40:56.685', '12:40:56.751', '12:40:56.802', '12:40:56.822', '12:40:56.925', '12:40:56.969', '12:40:57.037', '12:40:57.085', '12:40:57.135', '12:40:57.150', '12:40:57.252', '12:40:57.300', '12:40:57.317', '12:40:57.368', '12:40:57.469', '12:40:57.484', '12:40:57.534', '12:40:57.637', '12:40:57.684', '12:40:57.739', '12:40:57.756', '12:40:57.855', '12:40:57.872', '12:40:57.972', '12:40:58.021', '12:40:58.070', '12:40:58.118', '12:40:58.170', '12:40:58.219', '12:40:58.277', '12:40:58.298', '12:40:58.388', '12:40:58.403', '12:40:58.505', '12:40:58.552', '12:40:58.603', '12:40:58.622', '12:40:58.701', '12:40:58.768']","[ 0.    -0.011 -0.015 -0.016 -0.016 -0.016 -0.016 -0.016 -0.016 -0.016
 -0.016 -0.016 -0.016 -0.016 -0.016  0.13   0.224  0.311  0.498  0.56
  0.581  0.588  0.59   0.591  0.591  0.591  0.591  0.591  0.591  0.591
  0.591  0.591  0.975  1.343  2.336  2.857  3.193  3.369  3.553  3.73
  3.969  4.194  4.309  4.388  4.415  4.423  4.426  4.427  4.428  4.097
  3.846  3.286  2.993  2.489  2.323  2.268  2.25   2.244  2.242  2.241
  2.241  2.241  2.241  2.241  2.241  2.241  2.241  2.241  2.241]","[ 0.     0.012  0.015  0.017  0.017  0.017  0.017  0.017  0.017  0.017
  0.017  0.017  0.017  0.017  0.017 -0.073 -0.114 -0.162 -0.223 -0.243
 -0.25  -0.252 -0.253 -0.253 -0.253 -0.253 -0.253 -0.253 -0.253 -0.253
 -0.253 -0.253 -0.22  -0.152 -0.003  0.084  0.126  0.141  0.183  0.21
  0.257  0.324  0.347  0.355  0.358  0.359  0.36   0.36   0.36   0.136
 -0.035 -0.245 -0.348 -0.413 -0.435 -0.442 -0.445 -0.446 -0.446 -0.446
 -0.446 -0.446 -0.446 -0.446 -0.446 -0.446 -0.446 -0.446 -0.446]",rld,6348,"[0.00000000e+00 1.62788206e-02 5.00000000e-03 2.23606798e-03
 0.00000000e+00 0.00000000e+00 0.00000000e+00 0.00000000e+00
 0.00000000e+00 0.00000000e+00 0.00000000e+00 0.00000000e+00
 0.00000000e+00 0.00000000e+00 0.00000000e+00 1.71510933e-01
 1.02552426e-01 9.93629710e-02 1.96697738e-01 6.51459899e-02
 2.21359436e-02 7.28010989e-03 2.23606798e-03 1.00000000e-03
 0.00000000e+00 0.00000000e+00 0.00000000e+00 0.00000000e+00
 0.00000000e+00 0.00000000e+00 0.00000000e+00 0.00000000e+00
 3.85415360e-01 3.74229876e-01 1.00411653e+00 5.28213972e-01
 3.38614825e-01 1.76638048e-01 1.88732615e-01 1.79047480e-01
 2.43577503e-01 2.34763711e-01 1.17277449e-01 7.94040301e-02
 2.71661554e-02 8.06225775e-03 3.16227766e-03 1.00000000e-03
 1.00000000e-03 3.99671115e-01 3.03713681e-01 5.98080262e-01
 3.10576883e-01 5.08174183e-01 1.67451486e-01 5.54436651e-02
 1.82482876e-02 6.08276253e-03 2.00000000e-03 1.00000000e-03
 0.00000000e+00 0.00000000e+00 0.00000000e+00 0.00000000e+00
 0.00000000e+00 0.00000000e+00 0.00000000e+00 0.00000000e+00
 0.00000000e+00]","[np.float64(0.0), np.float64(0.016278820596099693), np.float64(0.005000000000000003), np.float64(0.0022360679774997886), np.float64(0.0), np.float64(0.0), np.float64(0.0), 0, np.float64(0.0), np.float64(0.0), np.float64(0.0), 0, np.float64(0.0), np.float64(0.0), np.float64(0.0), np.float64(0.0), 0, np.float64(0.17151093259614675), np.float64(0.20191539658741492), np.float64(0.19669773765857096), 0, np.float64(0.06514598989960937), np.float64(0.02213594362117857), np.float64(0.007280109889280632), 0, np.float64(0.003236067977499682), 0, np.float64(0.0), np.float64(0.0), np.float64(0.0), 0, np.float64(0.0), np.float64(0.0), np.float64(0.0), np.float64(0.0), np.float64(0.3854153603581467), np.float64(0.37422987587844975), 0, np.float64(1.0041165271023078), np.float64(0.5282139717955214), np.float64(0.3386148254285394), np.float64(0.17663804799646055), np.float64(0.3677800948299388), 0, np.float64(0.2435775030662724), np.float64(0.23476371099469365), np.float64(0.11727744881263426), np.float64(0.079404030124421), 0, np.float64(0.03522841316271094), np.float64(0.003162277660168488), 0, np.float64(0.001000000000000334), np.float64(0.0009999999999994458), np.float64(0.3996711147931505), np.float64(0.30371368095625917), 0, np.float64(0.9086571447633174), 0, np.float64(0.5081741827365889), np.float64(0.16745148551147576), np.float64(0.0554436651025166), np.float64(0.018248287590894457), np.float64(0.006082762530298444), np.float64(0.0019999999999997797), np.float64(0.001000000000000334), 0, np.float64(0.0), np.float64(0.0), 0, np.float64(0.0), 0, np.float64(0.0), np.float64(0.0), 0, np.float64(0.0)]",r
7,31,"['12:41:02.951', '12:41:03.036', '12:41:03.100', '12:41:03.183', '12:41:03.250', '12:41:03.317', '12:41:03.402', '12:41:03.484', '12:41:03.568', '12:41:03.634', '12:41:03.719', '12:41:03.801', '12:41:03.883', '12:41:03.950', '12:41:04.033', '12:41:04.100', '12:41:04.168']","[ 0.     0.     0.     0.     0.     0.    -1.24  -1.886 -2.163 -2.655
 -3.28  -3.68  -3.816 -3.862 -3.877 -3.882 -3.883]","[ 0.     0.049  0.065  0.071  0.072  0.073  0.062  0.048  0.043 -0.085
 -0.294 -0.32  -0.328 -0.331 -0.332 -0.333 -0.333]",rld,6348,"[0.00000000e+00 4.90000000e-02 1.60000000e-02 6.00000000e-03
 1.00000000e-03 1.00000000e-03 1.24004879e+00 6.46151685e-01
 2.77045123e-01 5.08377812e-01 6.59018968e-01 4.00844109e-01
 1.36235091e-01 4.60977223e-02 1.50332964e-02 5.09901951e-03
 1.00000000e-03]","[np.float64(0.0), np.float64(0.048999999999999995), np.float64(0.015999999999999993), 0, np.float64(0.006000000000000005), np.float64(0.0010000000000000009), 0, np.float64(0.0010000000000000009), 0, np.float64(1.2400487893627412), np.float64(0.6461516849780706), 0, np.float64(0.27704512267859943), np.float64(0.5083778122617076), 0, np.float64(0.6590189678605617), 0, np.float64(0.400844109349258), np.float64(0.13623509092741135), np.float64(0.046097722286464256), 0, np.float64(0.015033296378373032), np.float64(0.00509901951359268), 0, np.float64(0.0009999999999998899)]",l
7,32,"['12:41:07.653', '12:41:07.672', '12:41:07.718', '12:41:07.821', '12:41:07.884', '12:41:07.936', '12:41:07.956', '12:41:08.051', '12:41:08.104']",[0. 0. 0. 0. 0. 0. 0. 0. 0.],[0. 0. 0. 0. 0. 0. 0. 0. 0.],rld,6348,[0. 0. 0. 0. 0. 0. 0. 0. 0.],"[np.float64(0.0), np.float64(0.0), 0, np.float64(0.0), np.float64(0.0), np.float64(0.0), np.float64(0.0), np.float64(0.0), 0, np.float64(0.0)]",l
7,33,"['12:41:09.902', '12:41:09.969', '12:41:10.069', '12:41:10.132']",[0. 0. 0. 0.],[0. 0. 0. 0.],rld,6348,[0. 0. 0. 0.],"[np.float64(0.0), np.float64(0.0), 0, np.float64(0.0), np.float64(0.0)]",l
7,34,"['12:41:12.301', '12:41:12.318', '12:41:12.420', '12:41:12.468', '12:41:12.521', '12:41:12.586', '12:41:12.635', '12:41:12.652', '12:41:12.753', '12:41:12.801', '12:41:12.818', '12:41:12.852', '12:41:12.953', '12:41:12.970', '12:41:13.036', '12:41:13.084', '12:41:13.173', '12:41:13.200', '12:41:13.271', '12:41:13.304', '12:41:13.404']",[0. 0. 0. 0. 0. 0. 0. 0. 0. 0. 0. 0. 0. 0. 0. 0. 0. 0. 0. 0. 0.],[0. 0. 0. 0. 0. 0. 0. 0. 0. 0. 0. 0. 0. 0. 0. 0. 0. 0. 0. 0. 0.],rld,6348,[0. 0. 0. 0. 0. 0. 0. 0. 0. 0. 0. 0. 0. 0. 0. 0. 0. 0. 0. 0. 0.],"[np.float64(0.0), 0, np.float64(0.0), np.float64(0.0), np.float64(0.0), np.float64(0.0), np.float64(0.0), np.float64(0.0), 0, np.float64(0.0), np.float64(0.0), np.float64(0.0), 0, np.float64(0.0), np.float64(0.0), np.float64(0.0), 0, np.float64(0.0), 0, np.float64(0.0), np.float64(0.0), 0, np.float64(0.0)]",l
7,35,"['12:41:15.770', '12:41:15.835', '12:41:15.918', '12:41:15.933', '12:41:16.018', '12:41:16.034', '12:41:16.151', '12:41:16.201', '12:41:16.251', '12:41:16.302', '12:41:16.370', '12:41:16.418', '12:41:16.472']",[0. 0. 0. 0. 0. 0. 0. 0. 0. 0. 0. 0. 0.],[0. 0. 0. 0. 0. 0. 0. 0. 0. 0. 0. 0. 0.],rld,6348,[0. 0. 0. 0. 0. 0. 0. 0. 0. 0. 0. 0. 0.],"[np.float64(0.0), np.float64(0.0), np.float64(0.0), np.float64(0.0), np.float64(0.0), np.float64(0.0), 0, np.float64(0.0), np.float64(0.0), np.float64(0.0), np.float64(0.0), 0, np.float64(0.0), 0, np.float64(0.0)]",l
7,36,"['12:41:18.368', '12:41:18.417', '12:41:18.518', '12:41:18.568', '12:41:18.583', '12:41:18.634', '12:41:18.751', '12:41:18.767', '12:41:18.834', '12:41:18.919', '12:41:18.984', '12:41:19.033', '12:41:19.084', '12:41:19.152', '12:41:19.201', '12:41:19.218', '12:41:19.269']",[0. 0. 0. 0. 0. 0. 0. 0. 0. 0. 0. 0. 0. 0. 0. 0. 0.],[0. 0. 0. 0. 0. 0. 0. 0. 0. 0. 0. 0. 0. 0. 0. 0. 0.],rld,6348,[0. 0. 0. 0. 0. 0. 0. 0. 0. 0. 0. 0. 0. 0. 0. 0. 0.],"[np.float64(0.0), 0, 0, np.float64(0.0), np.float64(0.0), np.float64(0.0), 0, np.float64(0.0), 0, np.float64(0.0), 0, np.float64(0.0), np.float64(0.0), np.float64(0.0), np.float64(0.0), np.float64(0.0), np.float64(0.0), np.float64(0.0), np.float64(0.0)]",l
7,37,"['12:41:21.000', '12:41:21.017', '12:41:21.120', '12:41:21.169', '12:41:21.183', '12:41:21.236', '12:41:21.320', '12:41:21.338', '12:41:21.387', '12:41:21.450', '12:41:21.521', '12:41:21.569', '12:41:21.621', '12:41:21.684', '12:41:21.770', '12:41:21.835', '12:41:21.884', '12:41:21.952', '12:41:22.001', '12:41:22.052', '12:41:22.070', '12:41:22.153', '12:41:22.170', '12:41:22.250', '12:41:22.283', '12:41:22.351', '12:41:22.399', '12:41:22.470']","[0. 0. 0. 0. 0. 0. 0. 0. 0. 0. 0. 0. 0. 0. 0. 0. 0. 0. 0. 0. 0. 0. 0. 0.
 0. 0. 0. 0.]","[0. 0. 0. 0. 0. 0. 0. 0. 0. 0. 0. 0. 0. 0. 0. 0. 0. 0. 0. 0. 0. 0. 0. 0.
 0. 0. 0. 0.]",rld,6348,"[0. 0. 0. 0. 0. 0. 0. 0. 0. 0. 0. 0. 0. 0. 0. 0. 0. 0. 0. 0. 0. 0. 0. 0.
 0. 0. 0. 0.]","[np.float64(0.0), 0, np.float64(0.0), np.float64(0.0), np.float64(0.0), 0, np.float64(0.0), np.float64(0.0), 0, np.float64(0.0), np.float64(0.0), np.float64(0.0), np.float64(0.0), np.float64(0.0), 0, np.float64(0.0), np.float64(0.0), np.float64(0.0), 0, np.float64(0.0), np.float64(0.0), np.float64(0.0), 0, np.float64(0.0), 0, np.float64(0.0), 0, np.float64(0.0), 0, np.float64(0.0)]",l
7,38,"['12:41:24.340', '12:41:24.383', '12:41:24.450', '12:41:24.550', '12:41:24.600', '12:41:24.616', '12:41:24.719']",[0. 0. 0. 0. 0. 0. 0.],[0. 0. 0. 0. 0. 0. 0.],rld,6348,[0. 0. 0. 0. 0. 0. 0.],"[np.float64(0.0), 0, np.float64(0.0), 0, np.float64(0.0), np.float64(0.0), 0, np.float64(0.0)]",l
7,39,"['12:41:26.887', '12:41:26.934', '12:41:26.954', '12:41:27.051', '12:41:27.101', '12:41:27.119', '12:41:27.219']",[0. 0. 0. 0. 0. 0. 0.],[0. 0. 0. 0. 0. 0. 0.],rld,6348,[0. 0. 0. 0. 0. 0. 0.],"[np.float64(0.0), np.float64(0.0), 0, np.float64(0.0), np.float64(0.0), 0, np.float64(0.0)]",l
7,40,"['12:41:28.968', '12:41:29.036']",[0. 0.],[0. 0.],rld,6348,[0. 0.],"[np.float64(0.0), np.float64(0.0)]",l
7,42,"['12:41:31.168', '12:41:31.183', '12:41:31.286']",[0. 0. 0.],[0. 0. 0.],rld,6348,[0. 0. 0.],"[np.float64(0.0), 0, np.float64(0.0)]",l
7,43,"['12:41:33.100', '12:41:33.169']",[0. 0.],[0. 0.],rld,6348,[0. 0.],"[np.float64(0.0), np.float64(0.0)]",l
7,44,"['12:41:34.136', '12:41:34.241']",[0. 0.],[0. 0.],rld,6348,[0. 0.],"[np.float64(0.0), 0, np.float64(0.0)]",l
7,45,"['12:41:35.883', '12:41:35.900', '12:41:36.003']",[0. 0. 0.],[0. 0. 0.],rld,6348,[0. 0. 0.],"[np.float64(0.0), 0, np.float64(0.0)]",l
7,46,"['12:41:37.800', '12:41:37.816', '12:41:37.918']",[0. 0. 0.],[0. 0. 0.],rld,6348,[0. 0. 0.],"[np.float64(0.0), 0, np.float64(0.0)]",l
7,47,"['12:41:38.934', '12:41:39.036']",[0. 0.],[0. 0.],rld,6348,[0. 0.],"[np.float64(0.0), 0, np.float64(0.0)]",l
7,48,"['12:41:40.767', '12:41:40.901']",[0. 0.],[0. 0.],rld,6348,[0. 0.],"[np.float64(0.0), 0, np.float64(0.0)]",l
7,49,"['12:41:41.968', '12:41:42.017']",[0. 0.],[0. 0.],rld,6348,[0. 0.],[np.float64(0.0)],l
7,50,"['12:41:43.218', '12:41:43.233', '12:41:43.336']",[0. 0. 0.],[0. 0. 0.],rld,6348,[0. 0. 0.],"[np.float64(0.0), 0, np.float64(0.0)]",l
7,51,"['12:41:44.383', '12:41:44.450', '12:41:44.501']",[0. 0. 0.],[0. 0. 0.],rld,6348,[0. 0. 0.],"[np.float64(0.0), np.float64(0.0), np.float64(0.0)]",l
7,52,"['12:41:45.571', '12:41:45.651']",[0. 0.],[0. 0.],rld,6348,[0. 0.],"[np.float64(0.0), np.float64(0.0)]",l
7,54,"['12:41:48.433', '12:41:48.487']",[0. 0.],[0. 0.],rld,6348,[0. 0.],"[np.float64(0.0), np.float64(0.0)]",l
7,55,"['12:41:49.504', '12:41:49.535']",[0. 0.],[0. 0.],rld,6348,[0. 0.],[np.float64(0.0)],l
7,56,"['12:41:51.320', '12:41:51.336']",[0. 0.],[0. 0.],rld,6348,[0. 0.],[np.float64(0.0)],l
7,58,"['12:41:54.618', '12:41:54.701']",[0. 0.],[0. 0.],rld,6348,[0. 0.],"[np.float64(0.0), np.float64(0.0)]",l
7,59,"['12:41:55.800', '12:41:55.852']",[0. 0.],[0. 0.],rld,6348,[0. 0.],"[np.float64(0.0), np.float64(0.0)]",l
7,60,"['12:41:57.383', '12:41:57.469', '12:41:57.483', '12:41:57.568']",[0. 0. 0. 0.],[0. 0. 0. 0.],rld,6348,[0. 0. 0. 0.],"[np.float64(0.0), np.float64(0.0), np.float64(0.0), np.float64(0.0)]",l
8,1,"['12:43:18.948', '12:43:18.965', '12:43:19.015', '12:43:19.098', '12:43:19.114', '12:43:19.165', '12:43:19.249', '12:43:19.298', '12:43:19.332', '12:43:19.348', '12:43:19.437', '12:43:19.450', '12:43:19.500', '12:43:19.532', '12:43:19.635', '12:43:19.651', '12:43:19.666', '12:43:19.733', '12:43:19.818', '12:43:19.834', '12:43:19.883']",[0. 0. 0. 0. 0. 0. 0. 0. 0. 0. 0. 0. 0. 0. 0. 0. 0. 0. 0. 0. 0.],[0. 0. 0. 0. 0. 0. 0. 0. 0. 0. 0. 0. 0. 0. 0. 0. 0. 0. 0. 0. 0.],rld,6348,[0. 0. 0. 0. 0. 0. 0. 0. 0. 0. 0. 0. 0. 0. 0. 0. 0. 0. 0. 0. 0.],"[np.float64(0.0), np.float64(0.0), 0, np.float64(0.0), np.float64(0.0), 0, np.float64(0.0), np.float64(0.0), np.float64(0.0), np.float64(0.0), np.float64(0.0), np.float64(0.0), 0, np.float64(0.0), np.float64(0.0), np.float64(0.0), 0, np.float64(0.0), np.float64(0.0)]",l
8,2,"['12:43:21.486', '12:43:21.534', '12:43:21.584', '12:43:21.599', '12:43:21.686', '12:43:21.734', '12:43:21.749', '12:43:21.799', '12:43:21.883', '12:43:21.899', '12:43:21.948', '12:43:21.982', '12:43:22.066', '12:43:22.116', '12:43:22.133']",[0. 0. 0. 0. 0. 0. 0. 0. 0. 0. 0. 0. 0. 0. 0.],[0. 0. 0. 0. 0. 0. 0. 0. 0. 0. 0. 0. 0. 0. 0.],rld,6348,[0. 0. 0. 0. 0. 0. 0. 0. 0. 0. 0. 0. 0. 0. 0.],"[np.float64(0.0), np.float64(0.0), np.float64(0.0), 0, np.float64(0.0), np.float64(0.0), np.float64(0.0), np.float64(0.0), np.float64(0.0), np.float64(0.0), 0, np.float64(0.0), np.float64(0.0)]",l
8,3,"['12:43:27.350', '12:43:27.387', '12:43:27.434', '12:43:27.490', '12:43:27.509', '12:43:27.583', '12:43:27.599', '12:43:27.683', '12:43:27.699', '12:43:27.766', '12:43:27.815', '12:43:27.865', '12:43:27.882', '12:43:27.949', '12:43:27.965', '12:43:28.049', '12:43:28.098', '12:43:28.149', '12:43:28.199', '12:43:28.234']",[0. 0. 0. 0. 0. 0. 0. 0. 0. 0. 0. 0. 0. 0. 0. 0. 0. 0. 0. 0.],[0. 0. 0. 0. 0. 0. 0. 0. 0. 0. 0. 0. 0. 0. 0. 0. 0. 0. 0. 0.],rld,6348,[0. 0. 0. 0. 0. 0. 0. 0. 0. 0. 0. 0. 0. 0. 0. 0. 0. 0. 0. 0.],"[np.float64(0.0), np.float64(0.0), np.float64(0.0), np.float64(0.0), np.float64(0.0), 0, np.float64(0.0), 0, np.float64(0.0), np.float64(0.0), np.float64(0.0), np.float64(0.0), np.float64(0.0), np.float64(0.0), np.float64(0.0), np.float64(0.0), np.float64(0.0), np.float64(0.0)]",l
8,4,"['12:43:30.515', '12:43:30.565', '12:43:30.598', '12:43:30.649', '12:43:30.699', '12:43:30.714', '12:43:30.766', '12:43:30.854', '12:43:30.867', '12:43:30.917']",[0. 0. 0. 0. 0. 0. 0. 0. 0. 0.],[0. 0. 0. 0. 0. 0. 0. 0. 0. 0.],rld,6348,[0. 0. 0. 0. 0. 0. 0. 0. 0. 0.],"[np.float64(0.0), np.float64(0.0), np.float64(0.0), np.float64(0.0), 0, np.float64(0.0), np.float64(0.0), np.float64(0.0), np.float64(0.0)]",l
8,5,"['12:43:32.283', '12:43:32.315', '12:43:32.370', '12:43:32.418']",[ 0.     0.004 -0.085 -0.16 ],[ 0.     0.011 -0.131 -0.246],rld,6348,[0.        0.0117047 0.1675858 0.1372953],"[np.float64(0.01170469991071961), np.float64(0.16758579892103026), np.float64(0.13729530217745986)]",l
8,6,"['12:43:33.717', '12:43:33.802', '12:43:33.822']",[0. 0. 0.],[0. 0. 0.],rld,6348,[0. 0. 0.],"[np.float64(0.0), np.float64(0.0), np.float64(0.0)]",l
8,8,"['12:43:37.834', '12:43:37.882', '12:43:37.933', '12:43:37.949', '12:43:38.034', '12:43:38.050']",[0. 0. 0. 0. 0. 0.],[0. 0. 0. 0. 0. 0.],rld,6348,[0. 0. 0. 0. 0. 0.],"[np.float64(0.0), np.float64(0.0), np.float64(0.0), 0, np.float64(0.0)]",l
8,9,"['12:43:39.249', '12:43:39.316', '12:43:39.365', '12:43:39.399']",[0. 0. 0. 0.],[0. 0. 0. 0.],rld,6348,[0. 0. 0. 0.],"[np.float64(0.0), np.float64(0.0), np.float64(0.0), np.float64(0.0)]",l
8,10,"['12:43:40.486', '12:43:40.535', '12:43:40.568', '12:43:40.638']",[0. 0. 0. 0.],[0. 0. 0. 0.],rld,6348,[0. 0. 0. 0.],"[np.float64(0.0), np.float64(0.0), 0, np.float64(0.0)]",l
8,11,"['12:43:42.465', '12:43:42.533']",[0. 0.],[0. 0.],rld,6348,[0. 0.],"[np.float64(0.0), np.float64(0.0)]",l
8,12,"['12:43:44.491', '12:43:44.570']",[0. 0.],[0. 0.],rld,6348,[0. 0.],"[np.float64(0.0), np.float64(0.0)]",l
8,13,"['12:43:46.483', '12:43:46.548', '12:43:46.615', '12:43:46.683']",[0. 0. 0. 0.],[0. 0. 0. 0.],rld,6348,[0. 0. 0. 0.],"[np.float64(0.0), np.float64(0.0), np.float64(0.0), 0, np.float64(0.0)]",l
8,14,"['12:43:48.299', '12:43:48.383', '12:43:48.432']",[0. 0. 0.],[0. 0. 0.],rld,6348,[0. 0. 0.],"[np.float64(0.0), np.float64(0.0), np.float64(0.0)]",l
8,15,"['12:43:50.049', '12:43:50.117', '12:43:50.184']",[0. 0. 0.],[0. 0. 0.],rld,6348,[0. 0. 0.],"[np.float64(0.0), np.float64(0.0), np.float64(0.0)]",l
8,18,"['12:43:54.098', '12:43:54.114', '12:43:54.200', '12:43:54.249', '12:43:54.265', '12:43:54.315', '12:43:54.399', '12:43:54.448', '12:43:54.504']",[0. 0. 0. 0. 0. 0. 0. 0. 0.],[0. 0. 0. 0. 0. 0. 0. 0. 0.],rld,6348,[0. 0. 0. 0. 0. 0. 0. 0. 0.],"[np.float64(0.0), 0, np.float64(0.0), np.float64(0.0), np.float64(0.0), 0, np.float64(0.0), np.float64(0.0), np.float64(0.0)]",l
8,20,"['12:43:58.101', '12:43:58.183', '12:43:58.233', '12:43:58.285', '12:43:58.332', '12:43:58.384', '12:43:58.401']",[0. 0. 0. 0. 0. 0. 0.],[0. 0. 0. 0. 0. 0. 0.],rld,6348,[0. 0. 0. 0. 0. 0. 0.],"[np.float64(0.0), np.float64(0.0), np.float64(0.0), np.float64(0.0), np.float64(0.0), np.float64(0.0), np.float64(0.0)]",l
8,21,"['12:43:59.665', '12:43:59.717', '12:43:59.739', '12:43:59.817', '12:43:59.836', '12:43:59.901', '12:43:59.967', '12:44:00.017']",[0. 0. 0. 0. 0. 0. 0. 0.],[0. 0. 0. 0. 0. 0. 0. 0.],rld,6348,[0. 0. 0. 0. 0. 0. 0. 0.],"[np.float64(0.0), np.float64(0.0), 0, np.float64(0.0), np.float64(0.0), 0, np.float64(0.0), np.float64(0.0)]",l
8,22,"['12:44:01.365', '12:44:01.435', '12:44:01.498', '12:44:01.565', '12:44:01.633']",[0. 0. 0. 0. 0.],[0. 0. 0. 0. 0.],rld,6348,[0. 0. 0. 0. 0.],"[np.float64(0.0), np.float64(0.0), np.float64(0.0), 0, np.float64(0.0), np.float64(0.0)]",l
8,23,"['12:44:03.032', '12:44:03.149']",[0. 0.],[0. 0.],rld,6348,[0. 0.],"[np.float64(0.0), 0, np.float64(0.0)]",l
8,24,"['12:44:04.548', '12:44:04.666']",[0. 0.],[0. 0.],rld,6348,[0. 0.],"[np.float64(0.0), 0, np.float64(0.0)]",l
8,25,"['12:44:06.282', '12:44:06.331', '12:44:06.433', '12:44:06.499']",[0. 0. 0. 0.],[0. 0. 0. 0.],rld,6348,[0. 0. 0. 0.],"[np.float64(0.0), 0, 0, np.float64(0.0), np.float64(0.0)]",l
8,26,"['12:44:07.565', '12:44:07.651']",[0. 0.],[0. 0.],rld,6348,[0. 0.],"[np.float64(0.0), np.float64(0.0)]",l
8,27,"['12:44:08.683', '12:44:08.767', '12:44:08.787', '12:44:08.869']",[0. 0. 0. 0.],[0. 0. 0. 0.],rld,6348,[0. 0. 0. 0.],"[np.float64(0.0), np.float64(0.0), np.float64(0.0), np.float64(0.0)]",l
8,28,"['12:44:10.650', '12:44:10.699', '12:44:10.748', '12:44:10.799']",[0. 0. 0. 0.],[0. 0. 0. 0.],rld,6348,[0. 0. 0. 0.],"[np.float64(0.0), np.float64(0.0), np.float64(0.0)]",l
8,29,"['12:44:11.965', '12:44:12.016']",[0. 0.],[0. 0.],rld,6348,[0. 0.],"[np.float64(0.0), np.float64(0.0)]",l
8,30,"['12:44:13.183', '12:44:13.232', '12:44:13.248', '12:44:13.333']",[0. 0. 0. 0.],[0. 0. 0. 0.],rld,6348,[0. 0. 0. 0.],"[np.float64(0.0), np.float64(0.0), 0, np.float64(0.0)]",l
8,31,"['12:44:15.031', '12:44:15.083', '12:44:15.148', '12:44:15.198', '12:44:15.215', '12:44:15.316']",[0. 0. 0. 0. 0. 0.],[0. 0. 0. 0. 0. 0.],rld,6348,[0. 0. 0. 0. 0. 0.],"[np.float64(0.0), np.float64(0.0), np.float64(0.0), np.float64(0.0), 0, np.float64(0.0)]",l
8,32,"['12:44:17.331', '12:44:17.433', '12:44:17.484']",[0. 0. 0.],[0. 0. 0.],rld,6348,[0. 0. 0.],"[np.float64(0.0), 0, np.float64(0.0), np.float64(0.0)]",l
8,33,"['12:44:19.614', '12:44:19.699', '12:44:19.750']",[0. 0. 0.],[0. 0. 0.],rld,6348,[0. 0. 0.],"[np.float64(0.0), np.float64(0.0), np.float64(0.0)]",l
8,34,"['12:44:21.751', '12:44:21.799', '12:44:21.867', '12:44:21.882', '12:44:21.967', '12:44:21.983', '12:44:22.066', '12:44:22.082', '12:44:22.131', '12:44:22.182', '12:44:22.283']",[0. 0. 0. 0. 0. 0. 0. 0. 0. 0. 0.],[0. 0. 0. 0. 0. 0. 0. 0. 0. 0. 0.],rld,6348,[0. 0. 0. 0. 0. 0. 0. 0. 0. 0. 0.],"[np.float64(0.0), 0, np.float64(0.0), 0, np.float64(0.0), 0, np.float64(0.0), np.float64(0.0), np.float64(0.0), 0, np.float64(0.0)]",l
8,35,"['12:44:23.435', '12:44:23.456']",[0. 0.],[0. 0.],rld,6348,[0. 0.],[np.float64(0.0)],l
8,36,"['12:44:24.500', '12:44:24.549']",[0. 0.],[0. 0.],rld,6348,[0. 0.],[np.float64(0.0)],l
8,37,"['12:44:26.149', '12:44:26.236', '12:44:26.263']",[0. 0. 0.],[0. 0. 0.],rld,6348,[0. 0. 0.],"[np.float64(0.0), np.float64(0.0), np.float64(0.0)]",l
8,38,"['12:44:28.336', '12:44:28.433', '12:44:28.483', '12:44:28.532', '12:44:28.549', '12:44:28.637', '12:44:28.648', '12:44:28.733', '12:44:28.749', '12:44:28.816', '12:44:28.833', '12:44:28.934', '12:44:28.982', '12:44:29.032', '12:44:29.050', '12:44:29.152']",[0. 0. 0. 0. 0. 0. 0. 0. 0. 0. 0. 0. 0. 0. 0. 0.],[0. 0. 0. 0. 0. 0. 0. 0. 0. 0. 0. 0. 0. 0. 0. 0.],rld,6348,[0. 0. 0. 0. 0. 0. 0. 0. 0. 0. 0. 0. 0. 0. 0. 0.],"[np.float64(0.0), np.float64(0.0), np.float64(0.0), np.float64(0.0), np.float64(0.0), 0, np.float64(0.0), np.float64(0.0), np.float64(0.0), np.float64(0.0), 0, np.float64(0.0), np.float64(0.0), np.float64(0.0), np.float64(0.0), 0, np.float64(0.0)]",l
8,39,"['12:44:30.864', '12:44:30.932', '12:44:30.981', '12:44:31.033']",[0. 0. 0. 0.],[0. 0. 0. 0.],rld,6348,[0. 0. 0. 0.],"[np.float64(0.0), np.float64(0.0), np.float64(0.0), np.float64(0.0)]",l
8,40,"['12:44:33.267', '12:44:33.282', '12:44:33.366', '12:44:33.434', '12:44:33.482', '12:44:33.533', '12:44:33.584', '12:44:33.634', '12:44:33.666', '12:44:33.750', '12:44:33.799', '12:44:33.814', '12:44:33.884']",[0. 0. 0. 0. 0. 0. 0. 0. 0. 0. 0. 0. 0.],[0. 0. 0. 0. 0. 0. 0. 0. 0. 0. 0. 0. 0.],rld,6348,[0. 0. 0. 0. 0. 0. 0. 0. 0. 0. 0. 0. 0.],"[np.float64(0.0), np.float64(0.0), 0, np.float64(0.0), np.float64(0.0), np.float64(0.0), np.float64(0.0), np.float64(0.0), 0, np.float64(0.0), np.float64(0.0), 0, np.float64(0.0)]",l
8,41,"['12:44:35.403', '12:44:35.418', '12:44:35.515', '12:44:35.531', '12:44:35.632', '12:44:35.699', '12:44:35.748', '12:44:35.815', '12:44:35.882', '12:44:35.948', '12:44:36.015']",[0. 0. 0. 0. 0. 0. 0. 0. 0. 0. 0.],[0. 0. 0. 0. 0. 0. 0. 0. 0. 0. 0.],rld,6348,[0. 0. 0. 0. 0. 0. 0. 0. 0. 0. 0.],"[np.float64(0.0), 0, np.float64(0.0), 0, np.float64(0.0), np.float64(0.0), np.float64(0.0), 0, np.float64(0.0), np.float64(0.0), np.float64(0.0), 0, np.float64(0.0)]",l
8,42,"['12:44:37.500', '12:44:37.548', '12:44:37.599', '12:44:37.615', '12:44:37.716', '12:44:37.733', '12:44:37.817', '12:44:37.866']",[0. 0. 0. 0. 0. 0. 0. 0.],[0. 0. 0. 0. 0. 0. 0. 0.],rld,6348,[0. 0. 0. 0. 0. 0. 0. 0.],"[np.float64(0.0), np.float64(0.0), np.float64(0.0), 0, np.float64(0.0), 0, np.float64(0.0), np.float64(0.0)]",l
8,43,"['12:44:39.952', '12:44:39.965', '12:44:40.067', '12:44:40.082', '12:44:40.167', '12:44:40.185', '12:44:40.286', '12:44:40.333', '12:44:40.384', '12:44:40.416', '12:44:40.466', '12:44:40.500', '12:44:40.568', '12:44:40.650']",[0. 0. 0. 0. 0. 0. 0. 0. 0. 0. 0. 0. 0. 0.],[0. 0. 0. 0. 0. 0. 0. 0. 0. 0. 0. 0. 0. 0.],rld,6348,[0. 0. 0. 0. 0. 0. 0. 0. 0. 0. 0. 0. 0. 0.],"[np.float64(0.0), 0, np.float64(0.0), 0, np.float64(0.0), 0, np.float64(0.0), np.float64(0.0), np.float64(0.0), np.float64(0.0), np.float64(0.0), 0, np.float64(0.0), np.float64(0.0)]",l
8,44,"['12:44:42.799', '12:44:42.851', '12:44:42.900', '12:44:42.950', '12:44:42.965', '12:44:43.016', '12:44:43.116', '12:44:43.132', '12:44:43.182']",[0. 0. 0. 0. 0. 0. 0. 0. 0.],[0. 0. 0. 0. 0. 0. 0. 0. 0.],rld,6348,[0. 0. 0. 0. 0. 0. 0. 0. 0.],"[np.float64(0.0), np.float64(0.0), np.float64(0.0), np.float64(0.0), np.float64(0.0), 0, np.float64(0.0), np.float64(0.0)]",l
8,45,"['12:44:44.735', '12:44:44.835', '12:44:44.883', '12:44:44.935', '12:44:44.986', '12:44:45.051', '12:44:45.067', '12:44:45.136']",[0. 0. 0. 0. 0. 0. 0. 0.],[0. 0. 0. 0. 0. 0. 0. 0.],rld,6348,[0. 0. 0. 0. 0. 0. 0. 0.],"[np.float64(0.0), 0, np.float64(0.0), 0, np.float64(0.0), np.float64(0.0), np.float64(0.0), 0, np.float64(0.0)]",l
8,46,"['12:44:47.583', '12:44:47.598', '12:44:47.700', '12:44:47.748', '12:44:47.799', '12:44:47.866', '12:44:47.916', '12:44:47.932', '12:44:48.034', '12:44:48.086', '12:44:48.101', '12:44:48.150']",[0. 0. 0. 0. 0. 0. 0. 0. 0. 0. 0. 0.],[0. 0. 0. 0. 0. 0. 0. 0. 0. 0. 0. 0.],rld,6348,[0. 0. 0. 0. 0. 0. 0. 0. 0. 0. 0. 0.],"[np.float64(0.0), 0, np.float64(0.0), np.float64(0.0), np.float64(0.0), np.float64(0.0), np.float64(0.0), 0, 0, np.float64(0.0), np.float64(0.0), np.float64(0.0)]",l
8,47,"['12:44:50.434', '12:44:50.503', '12:44:50.519', '12:44:50.617', '12:44:50.666', '12:44:50.717', '12:44:50.736', '12:44:50.816', '12:44:50.840', '12:44:50.899', '12:44:50.918', '12:44:51.001']",[0. 0. 0. 0. 0. 0. 0. 0. 0. 0. 0. 0.],[0. 0. 0. 0. 0. 0. 0. 0. 0. 0. 0. 0.],rld,6348,[0. 0. 0. 0. 0. 0. 0. 0. 0. 0. 0. 0.],"[np.float64(0.0), np.float64(0.0), 0, np.float64(0.0), np.float64(0.0), np.float64(0.0), np.float64(0.0), np.float64(0.0), np.float64(0.0), np.float64(0.0), 0, np.float64(0.0)]",l
8,48,"['12:44:52.764', '12:44:52.815', '12:44:52.865', '12:44:52.935', '12:44:52.982', '12:44:53.084', '12:44:53.098', '12:44:53.201']",[0. 0. 0. 0. 0. 0. 0. 0.],[0. 0. 0. 0. 0. 0. 0. 0.],rld,6348,[0. 0. 0. 0. 0. 0. 0. 0.],"[np.float64(0.0), np.float64(0.0), np.float64(0.0), np.float64(0.0), np.float64(0.0), 0, np.float64(0.0), 0, np.float64(0.0)]",l
8,49,"['12:44:54.833', '12:44:54.898', '12:44:54.914', '12:44:55.015', '12:44:55.065', '12:44:55.114', '12:44:55.165']",[0. 0. 0. 0. 0. 0. 0.],[0. 0. 0. 0. 0. 0. 0.],rld,6348,[0. 0. 0. 0. 0. 0. 0.],"[np.float64(0.0), np.float64(0.0), 0, np.float64(0.0), np.float64(0.0), np.float64(0.0), np.float64(0.0)]",l
8,50,"['12:44:56.431', '12:44:56.483', '12:44:56.548', '12:44:56.599', '12:44:56.614', '12:44:56.718', '12:44:56.766', '12:44:56.785', '12:44:56.836']",[0. 0. 0. 0. 0. 0. 0. 0. 0.],[0. 0. 0. 0. 0. 0. 0. 0. 0.],rld,6348,[0. 0. 0. 0. 0. 0. 0. 0. 0.],"[np.float64(0.0), np.float64(0.0), np.float64(0.0), np.float64(0.0), 0, np.float64(0.0), np.float64(0.0), np.float64(0.0), np.float64(0.0)]",l
8,51,"['12:44:58.001', '12:44:58.100', '12:44:58.148', '12:44:58.199', '12:44:58.249', '12:44:58.300', '12:44:58.316', '12:44:58.417', '12:44:58.436', '12:44:58.502']",[0. 0. 0. 0. 0. 0. 0. 0. 0. 0.],[0. 0. 0. 0. 0. 0. 0. 0. 0. 0.],rld,6348,[0. 0. 0. 0. 0. 0. 0. 0. 0. 0.],"[np.float64(0.0), np.float64(0.0), np.float64(0.0), np.float64(0.0), np.float64(0.0), np.float64(0.0), np.float64(0.0), 0, np.float64(0.0), 0, np.float64(0.0)]",l
8,52,"['12:44:59.750', '12:44:59.766', '12:44:59.868', '12:44:59.883', '12:44:59.965', '12:45:00.016']",[0. 0. 0. 0. 0. 0.],[0. 0. 0. 0. 0. 0.],rld,6348,[0. 0. 0. 0. 0. 0.],"[np.float64(0.0), 0, np.float64(0.0), 0, np.float64(0.0), np.float64(0.0)]",l
8,53,"['12:45:02.498', '12:45:02.548', '12:45:02.565', '12:45:02.665', '12:45:02.715', '12:45:02.732', '12:45:02.783', '12:45:02.882', '12:45:02.898', '12:45:02.948', '12:45:03.051']",[0. 0. 0. 0. 0. 0. 0. 0. 0. 0. 0.],[0. 0. 0. 0. 0. 0. 0. 0. 0. 0. 0.],rld,6348,[0. 0. 0. 0. 0. 0. 0. 0. 0. 0. 0.],"[np.float64(0.0), np.float64(0.0), 0, np.float64(0.0), np.float64(0.0), np.float64(0.0), 0, np.float64(0.0), np.float64(0.0), np.float64(0.0), 0, np.float64(0.0)]",l
8,54,"['12:45:04.283', '12:45:04.349', '12:45:04.399', '12:45:04.452']",[0. 0. 0. 0.],[0. 0. 0. 0.],rld,6348,[0. 0. 0. 0.],"[np.float64(0.0), np.float64(0.0), np.float64(0.0), np.float64(0.0)]",l
8,55,"['12:45:05.697', '12:45:05.748', '12:45:05.865', '12:45:05.915']",[0. 0. 0. 0.],[0. 0. 0. 0.],rld,6348,[0. 0. 0. 0.],"[np.float64(0.0), np.float64(0.0), 0, np.float64(0.0), np.float64(0.0)]",l
8,56,"['12:45:07.033', '12:45:07.100', '12:45:07.165', '12:45:07.215']",[0. 0. 0. 0.],[0. 0. 0. 0.],rld,6348,[0. 0. 0. 0.],"[np.float64(0.0), np.float64(0.0), np.float64(0.0), np.float64(0.0)]",l
8,57,"['12:45:08.900', '12:45:08.918', '12:45:08.965', '12:45:09.068']",[0. 0. 0. 0.],[0. 0. 0. 0.],rld,6348,[0. 0. 0. 0.],"[np.float64(0.0), np.float64(0.0), 0, np.float64(0.0)]",l
8,59,"['12:45:11.932', '12:45:12.003']",[0. 0.],[0. 0.],rld,6348,[0. 0.],"[np.float64(0.0), np.float64(0.0)]",l
8,60,"['12:45:13.815', '12:45:13.883', '12:45:13.899', '12:45:14.015', '12:45:14.082', '12:45:14.132', '12:45:14.147', '12:45:14.249']",[0. 0. 0. 0. 0. 0. 0. 0.],[0. 0. 0. 0. 0. 0. 0. 0.],rld,6348,[0. 0. 0. 0. 0. 0. 0. 0.],"[np.float64(0.0), np.float64(0.0), 0, 0, np.float64(0.0), np.float64(0.0), np.float64(0.0), 0, np.float64(0.0)]",l
